GeneID,SMTSISCH_Correlation,SMTSISCH_Pvalue,SMTSPAX_Correlation,SMTSPAX_Pvalue
ENSG00000001626,-0.39607599424424,1.05970315999405e-16,0.0373404176206639,0.453616050828925
ENSG00000002726,-0.481430675113338,6.04057333263029e-25,0.0241706590126143,0.627681635252645
ENSG00000006747,-0.483729288109489,3.3522770762882e-25,0.0279402127862863,0.575031056730455
ENSG00000007306,-0.50954555924857,3.28222126264145e-28,0.0087562774654763,0.860548962579486
ENSG00000007952,-0.345894336417244,7.46595848179354e-13,0.0488880309489545,0.326396183685548
ENSG00000008323,-0.430741038458497,9.02843839857832e-20,0.033387144529137,0.502849241159316
ENSG00000011083,-0.425177268630099,2.9686604666611e-19,0.0798717281974864,0.108497227648219
ENSG00000012504,-0.430775866821886,8.96079255476016e-20,0.0417879357900926,0.401619079853849
ENSG00000012817,0.132661450992532,0.00743616603790264,-0.0110649100767205,0.824317337092333
ENSG00000039068,-0.428452829197374,1.4769841355038e-19,0.0276222919990778,0.579390294181533
ENSG00000039987,-0.448807815720897,1.62058406019278e-21,0.0338438340899045,0.497021613956507
ENSG00000043039,-0.419480839716733,9.81761721571688e-19,0.0456496132797075,0.359499583738837
ENSG00000046604,-0.451369523133417,8.98596789969209e-22,0.0033383780464387,0.946600732258068
ENSG00000048462,-0.0957707113152849,0.053828904690617,0.0543781872123271,0.27493620595489
ENSG00000049283,-0.400682127355116,4.34123325649831e-17,0.0574114974607567,0.249007249906523
ENSG00000052344,-0.432051087402752,6.79978763699496e-20,0.015769508305008,0.751703453291074
ENSG00000057294,-0.358645266064085,9.08098993110352e-14,0.0202924236861294,0.683892783678826
ENSG00000059915,0.350139241574448,3.74167734470106e-13,0.0137546232502077,0.782575753486017
ENSG00000060140,-0.445554436958209,3.40269080970131e-21,0.0182127557630774,0.714796352286496
ENSG00000064270,-0.355110782932075,1.64398540541404e-13,0.0549028371814411,0.270324821048658
ENSG00000064787,-0.412901956703095,3.79973192310843e-18,0.0473119223813175,0.342252953847076
ENSG00000065618,-0.503827396490789,1.60297004487045e-27,0.0201155913878783,0.686500934537185
ENSG00000066248,-0.359163557212193,8.31888060642673e-14,0.0416436146649814,0.403248341319791
ENSG00000067048,0.161782791010122,0.00107032215327729,-0.0211298666775645,0.671592509604298
ENSG00000069812,-0.424484492828321,3.4376471686956e-19,0.0565906886529373,0.25584928215745
ENSG00000070019,-0.406416365916758,1.40158206871412e-17,0.0374130404419479,0.452737707601873
ENSG00000071203,-0.453794620162763,5.11816023947337e-22,0.0346496342763913,0.486827207867723
ENSG00000073737,-0.49534577281031,1.59559151683368e-26,0.00679817971817653,0.891513415353212
ENSG00000074276,-0.492319358039507,3.56723608546201e-26,0.0168200135101521,0.735759691959236
ENSG00000076826,-0.395758090338574,1.12644783550784e-16,0.040842268831799,0.412366369226232
ENSG00000079112,-0.422108657065793,5.67030383667541e-19,0.0354465741355027,0.476856659227058
ENSG00000079385,-0.462222786792906,6.98550619907682e-23,-0.000365168345530067,0.994154624367813
ENSG00000080031,-0.428986876760506,1.31713627499021e-19,0.0265673168420524,0.593965383213283
ENSG00000080493,-0.418919191554634,1.10328844559597e-18,0.0368016148438816,0.460162481900718
ENSG00000083307,-0.379624161959944,2.29590863197188e-15,0.0406061874431981,0.415075640713879
ENSG00000085552,-0.480025595921693,8.63882627586753e-25,0.0421199369401881,0.397886044685564
ENSG00000085831,-0.417684955973386,1.42473027802369e-18,0.0214587553830654,0.666785465544036
ENSG00000086548,-0.48595056668863,1.88956698684933e-25,-0.0129610188725144,0.794832762218991
ENSG00000086696,-0.337826260515598,2.69726357414193e-12,0.0317030299366525,0.524646636760069
ENSG00000090402,-0.43811505705491,1.80130556464374e-20,0.00955308822342942,0.848006699296143
ENSG00000091138,-0.534092006831597,2.55176710442525e-31,0.0128056005360123,0.797239181016995
ENSG00000091482,0.377014864346932,3.68115633102527e-15,0.0296999287912659,0.551186150574286
ENSG00000095110,-0.353268412519606,2.23352882646482e-13,0.0530407196138347,0.286932765573662
ENSG00000095539,-0.411037705909471,5.54576573475249e-18,0.0606460790772941,0.223289440826688
ENSG00000095932,-0.424642393753652,3.32472116619259e-19,0.0152624345990414,0.759437858074955
ENSG00000096696,-0.384791554747453,8.90134816645231e-16,0.0119215711335206,0.81096294516808
ENSG00000099617,-0.433571405414418,4.88589885882756e-20,0.0250751887265927,0.614860328141507
ENSG00000099725,0.123635609172136,0.0126640434402662,0.00139854917474131,0.977615667730316
ENSG00000099834,-0.480270606980711,8.11731787923252e-25,0.0327791667505263,0.510662871526582
ENSG00000100170,-0.433006874134692,5.52500861990803e-20,-0.00971239543422311,0.845503598768468
ENSG00000100290,-0.284478257638037,5.3659744853915e-09,0.0161355842633284,0.746135042726874
ENSG00000101049,-0.445968647840381,3.09741325034099e-21,0.0610593243376656,0.220145415039722
ENSG00000101076,-0.390077960065681,3.31805575675944e-16,0.032993170050732,0.507905344706895
ENSG00000101188,0.318509240248658,5.03577495296617e-11,0.00396403523280313,0.936612331986028
ENSG00000101213,-0.401684087552683,3.5686460202096e-17,0.0380174070196286,0.445465370409009
ENSG00000103067,-0.367454364520927,2.00274248240741e-14,0.0408056237558737,0.41278622223293
ENSG00000103089,-0.377026428553631,3.67349660639168e-15,0.0209256798716308,0.674583671421712
ENSG00000103534,-0.422445718445499,5.28294519390173e-19,0.0136160488681317,0.784712220199615
ENSG00000105357,-0.426724127694392,2.1369554076379e-19,0.0298651538459618,0.548972402264553
ENSG00000105523,-0.373854368088109,6.48438566423212e-15,0.0354359741618077,0.476988540882905
ENSG00000105699,-0.434102808720264,4.35108451789634e-20,0.0219817857991045,0.659168904397248
ENSG00000105755,-0.423787077392153,3.98327610232843e-19,0.0338775171752282,0.496593222183736
ENSG00000106258,-0.387047561701541,5.854712263142e-16,0.0239956175785865,0.630175915912796
ENSG00000106384,-0.439996811602205,1.18629812967321e-20,0.0426199879042282,0.392302932726342
ENSG00000106789,-0.427437858492749,1.83516279857706e-19,0.0190373327661242,0.702484060744157
ENSG00000107954,-0.404231907649843,2.16163760420439e-17,0.0604569063905527,0.224739321121818
ENSG00000108187,-0.44835612646006,1.79723607507581e-21,0.0371850267715165,0.455498652838501
ENSG00000108352,-0.412875512171612,3.82022947360914e-18,0.053747586009783,0.280549274039734
ENSG00000108375,-0.275803439663581,1.6034764986265e-08,0.044889657577365,0.367562259222871
ENSG00000109182,-0.41303952798581,3.69483096521496e-18,0.0615657858440998,0.216335503282226
ENSG00000109705,0.385016292154777,8.53872960230251e-16,0.0267989965302962,0.590750305870398
ENSG00000110013,-0.406711518015981,1.32156495927829e-17,0.0468183194502228,0.347318221251069
ENSG00000110723,-0.413852773298501,3.13044690819196e-18,0.0534903242939194,0.282861311615551
ENSG00000110777,-0.00543539990970548,0.91305701985059,0.0284240596185783,0.568426498342155
ENSG00000111319,-0.43781715325604,1.92398043035012e-20,0.0211884394884269,0.670735421055257
ENSG00000111696,0.198616076976411,5.58047017098769e-05,0.0206737327023502,0.678281549657902
ENSG00000111863,-0.41072234791917,5.91068432963925e-18,0.0390170779069643,0.433583160042354
ENSG00000112812,-0.354080690556483,1.95172651837989e-13,0.0314614443413906,0.527812540303669
ENSG00000112818,-0.511559228112902,1.86426216993497e-28,0.0182281808127622,0.714565338998682
ENSG00000113196,0.336612208326025,3.26191794550764e-12,0.0164366764338487,0.741564970091384
ENSG00000113303,-0.515367085094979,6.33093079326438e-29,0.0248841496352138,0.617558652852043
ENSG00000113924,-0.46982693662874,1.10403959350609e-23,-0.0073823876334678,0.882255556106908
ENSG00000114248,-0.410050820681003,6.76821903898193e-18,0.0520413882852299,0.296122906760165
ENSG00000114374,0.207021142897334,2.62088255948739e-05,-0.0118512204893238,0.812057626433893
ENSG00000114455,-0.467214100620155,2.09194339882727e-23,0.0195757447192728,0.694486213854082
ENSG00000114529,-0.361584941196815,5.51182202291124e-14,-0.00433094619635686,0.93075924439818
ENSG00000115112,-0.455480674792618,3.45146476496285e-22,0.0350662489061811,0.481600975827552
ENSG00000115221,-0.443681676157303,5.19637302142001e-21,0.0302483091742892,0.543855622934477
ENSG00000115263,-0.326043136185281,1.64802779485852e-11,0.0385360596427357,0.439277666033982
ENSG00000115339,-0.393916321202121,1.60262604591895e-16,0.0160996707115982,0.746680747997936
ENSG00000115616,-0.412465146486232,4.15260456948671e-18,0.0306672182278474,0.538288557532968
ENSG00000116299,-0.340645700769269,1.72908506171186e-12,0.0305388507743859,0.53999145741111
ENSG00000116771,-0.335410514037824,3.9339307874112e-12,0.055120298470479,0.268429032847682
ENSG00000117115,-0.403557527784966,2.46941051402011e-17,0.058387700175448,0.24103713449438
ENSG00000117472,-0.470221611305726,1.00195923685459e-23,0.0211763955532246,0.670911623627394
ENSG00000117480,-0.370639459029241,1.14616247465566e-14,0.0661872711761275,0.183737724319502
ENSG00000117620,-0.437300714091691,2.15643863369451e-20,0.031309151874185,0.529813259318818
ENSG00000117983,-0.359493464087147,7.86678432599805e-14,0.0356672881425784,0.47411512670152
ENSG00000118322,-0.403398217972909,2.54818383265791e-17,0.022677414772022,0.649093323033294
ENSG00000119042,-0.401258011190533,3.87909962342271e-17,0.0600226741681795,0.228092731936205
ENSG00000119431,-0.43310052224625,5.4135661378807e-20,0.0581630349557947,0.242855344465128
ENSG00000120658,0.397281938058822,8.4003314031681e-17,-0.00645936152041335,0.896889459462008
ENSG00000121380,-0.376854971813917,3.78868306326675e-15,0.0503426865139906,0.312190401541209
ENSG00000121577,0.353516846798887,2.14335961307349e-13,0.0219521297626619,0.659599835487122
ENSG00000121900,-0.393265412499702,1.81434115012404e-16,0.010248332574418,0.8370942735047
ENSG00000122971,-0.461890549299286,7.5639592108611e-23,0.0582238825866591,0.242361960242277
ENSG00000123836,-0.450741442884203,1.03886137535826e-21,0.0341115786585971,0.493621781296962
ENSG00000124429,-0.372769591125732,7.86406262561911e-15,0.0244000659351426,0.624419074249575
ENSG00000124839,-0.39243488030134,2.12472822788389e-16,0.0326402199133417,0.512457427997327
ENSG00000125775,-0.420361772175819,8.17182979851362e-19,0.015604454392073,0.754218339778738
ENSG00000125798,-0.350327101470064,3.62813957944865e-13,0.0196446247569467,0.693465452612315
ENSG00000125850,-0.364101003069888,3.58032959248154e-14,0.044828773513062,0.368213022215148
ENSG00000126460,-0.446750880491946,2.59269992319872e-21,0.0282876341961647,0.570285057453497
ENSG00000126562,-0.336871695303582,3.13227267034134e-12,0.0478942249363837,0.336338306805774
ENSG00000128266,0.341865571030909,1.42448352956647e-12,-0.00116363073366772,0.981374881067197
ENSG00000128311,-0.467846033026916,1.79323572497759e-23,0.0405680271595036,0.415514550195689
ENSG00000128596,0.412331675485026,4.26671835431446e-18,-0.0215256970784771,0.665808703532653
ENSG00000129354,-0.357868322109258,1.0353085120043e-13,0.038477988144412,0.439968024743727
ENSG00000129514,-0.355168607218153,1.62819599872792e-13,0.0394435232524773,0.428570464288385
ENSG00000129824,0.145056736276365,0.00339716803750112,-0.0141368049312444,0.776691984565981
ENSG00000130055,-0.505121728304183,1.12242689321847e-27,0.0250468721966585,0.615259957560263
ENSG00000130226,0.252912913473468,2.41027627740992e-07,0.00770549372696641,0.87714213158039
ENSG00000130545,-0.393811802668803,1.63490679395558e-16,0.00964398526054222,0.846578298810454
ENSG00000130768,-0.423388874932181,4.33215392706496e-19,0.0427573891258464,0.390777165812087
ENSG00000130822,0.403912066660558,2.30259340015416e-17,0.0127610305996527,0.797929634838905
ENSG00000131002,0.09603778476027,0.0531607316139755,-0.000637388803726617,0.989797283716295
ENSG00000131069,-0.4549558718955,3.90270191327808e-22,0.0231260099857412,0.642629428027994
ENSG00000131096,-0.365837801112451,2.65227829935734e-14,0.0525361930860751,0.291548286609132
ENSG00000132437,-0.354966793119434,1.68395720217316e-13,0.0559765043196399,0.261053333191394
ENSG00000132744,-0.353861189077045,2.02424736902083e-13,0.0365893428038183,0.462755967503075
ENSG00000133135,-0.444765562800922,4.06833916334392e-21,0.0365536812652069,0.463192466467265
ENSG00000133477,-0.440314780952833,1.10517527045483e-20,0.0520953723540632,0.295621494530716
ENSG00000134028,0.0967739915019769,0.0513545235223748,0.0851660306105162,0.0869432981609436
ENSG00000134184,0.0929160464170255,0.0614168738167596,0.0253112701799506,0.611532965534783
ENSG00000134398,-0.341400117560538,1.53395484152025e-12,0.0465869618412654,0.349708644102449
ENSG00000134709,-0.394084807595773,1.55190203560955e-16,0.0311165763424362,0.532348677180748
ENSG00000134716,-0.393368447372663,1.77908599576093e-16,0.0396188605818317,0.426519226590497
ENSG00000134755,-0.479963296426068,8.77662097097463e-25,0.00781565852152292,0.875399837474585
ENSG00000135052,-0.395263839211247,1.2385003591322e-16,0.0390795251000033,0.432847014255865
ENSG00000135220,-0.421212478110312,6.84138558819475e-19,0.0361550378968613,0.468087412618858
ENSG00000135333,0.213682763794965,1.40824686118764e-05,0.0241719421442226,0.627663366656527
ENSG00000135362,-0.386541688167213,6.43320039839282e-16,0.0619437433554212,0.213523251272788
ENSG00000135373,-0.345107109789687,8.47671977891424e-13,0.0277437988131635,0.577722404450794
ENSG00000135549,-0.392316936354609,2.17283816091455e-16,0.0404776872997908,0.416554703354179
ENSG00000135702,-0.410318278636282,6.4129323015558e-18,0.0350595720604034,0.481684493176291
ENSG00000135773,-0.435748174229018,3.03491311816687e-20,0.0396858812661008,0.425736673715188
ENSG00000135916,-0.431711141131211,7.31972344610035e-20,0.0141777274673055,0.776062722636558
ENSG00000136542,-0.422367645053537,5.37028344314816e-19,0.0217685131015264,0.662270465753408
ENSG00000136883,-0.26052301568467,1.00705165253744e-07,0.0476936061839476,0.338368619685365
ENSG00000137251,-0.464024206863805,4.53104762814022e-23,0.019350556337983,0.697827217460742
ENSG00000137440,-0.401227053182875,3.90266371545205e-17,-0.0310207812513274,0.533612175089546
ENSG00000137648,-0.386033246618449,7.07107013245525e-16,0.0272329215434855,0.584750182434389
ENSG00000137825,-0.420544745827848,7.8657221454421e-19,0.0401630236381168,0.420189600164772
ENSG00000139044,-0.391537122633171,2.51896288391494e-16,0.0241430853604765,0.628074270254516
ENSG00000139540,-0.361053270686477,6.0350138938527e-14,0.0561251454771464,0.25978724111809
ENSG00000140284,-0.442573077253873,6.66827613820521e-21,0.0343292051793355,0.490867514912365
ENSG00000140297,-0.468693441978025,1.45777463464362e-23,0.00379138643499582,0.939367684528225
ENSG00000140832,-0.460498596104976,1.05462085423471e-22,0.0367117764116632,0.461259114796675
ENSG00000142484,-0.402837573522524,2.84554603191176e-17,0.0245950804914365,0.621651385409647
ENSG00000142677,-0.432653878651674,5.96575547684707e-20,-0.00127005366382374,0.979671823346614
ENSG00000142959,-0.508469319357866,4.43401321833646e-28,0.0550427193243642,0.26910430721395
ENSG00000143167,-0.440671080578497,1.02075530973463e-20,0.0295082450115378,0.553759870511008
ENSG00000143375,-0.432662488199665,5.9546046841907e-20,0.0277158075643162,0.578106432778249
ENSG00000143416,-0.510181412997811,2.74645387363212e-28,0.0678035516156778,0.173238806259348
ENSG00000144045,-0.393511640826138,1.73120486181998e-16,0.0612883391972854,0.218416727407333
ENSG00000144852,-0.427053877004692,1.99189573747856e-19,0.0367120677220904,0.46125555650142
ENSG00000145113,-0.367310925592131,2.05341866798465e-14,0.0329922146457349,0.507917638198146
ENSG00000145384,-0.354449305476691,1.83562095881389e-13,0.065547247282385,0.188022426462025
ENSG00000145687,0.403527640984996,2.4840038413194e-17,0.0159013567617161,0.749696394466847
ENSG00000146039,-0.47894165932491,1.13717996049808e-24,0.0522715397844024,0.293989166417589
ENSG00000146205,-0.367027239638142,2.15737111587339e-14,0.0551001144696809,0.268604609321031
ENSG00000148483,-0.507916810275501,5.17223098929929e-28,0.0346007225475684,0.487442778393962
ENSG00000148584,-0.445285444059721,3.61662678150272e-21,0.054051553184739,0.277834012661955
ENSG00000150625,0.273944639103839,2.01746001129102e-08,0.0280623258299249,0.573360794865591
ENSG00000151067,0.324992226797003,1.92948942235593e-11,0.00114329111058716,0.981700380485426
ENSG00000151715,-0.458076868932964,1.87353179698142e-22,0.0188913036460249,0.704658966180978
ENSG00000151882,-0.429733832283864,1.12177437567723e-19,0.0371612348734281,0.455787284350396
ENSG00000152766,-0.307561096665924,2.41672962818635e-10,-0.00900746791424234,0.85659113971393
ENSG00000152939,-0.440799923193173,9.91819262410714e-21,0.0396024261520975,0.426711247241215
ENSG00000153303,-0.401158519943759,3.9553302210009e-17,0.0499737231387032,0.315754588909471
ENSG00000154165,0.121243681306008,0.0145059329303023,0.0123096344836032,0.804931211885119
ENSG00000154274,-0.377946290360451,3.11176815800553e-15,0.0236248361876371,0.635473289208929
ENSG00000154639,-0.406983098320292,1.2519154554904e-17,0.0121425681650207,0.807526556286694
ENSG00000154914,-0.397247453703319,8.4564301863361e-17,0.0304517921553923,0.541147888059665
ENSG00000155850,-0.486436070471507,1.66609874082479e-25,0.0627340390031954,0.207728075594929
ENSG00000156006,-0.461536182777286,8.23303916037575e-23,0.0460594983712101,0.355197263381984
ENSG00000156218,0.41175208448806,4.79908330363884e-18,0.0164454509751438,0.741431922502065
ENSG00000156284,-0.485070901766987,2.37235306902112e-25,0.0357346135750988,0.473280584965058
ENSG00000156413,-0.424226478779882,3.63034728406355e-19,0.0432851018806176,0.384950660220014
ENSG00000156966,-0.402297753942479,3.16398469407431e-17,-0.0149912145931143,0.76358469842301
ENSG00000157111,-0.440282350884537,1.11319222276121e-20,0.032307095531399,0.516773171636658
ENSG00000157600,-0.54395611230865,1.21341290006423e-32,0.00711656256543188,0.886466138896378
ENSG00000158125,-0.454777450338219,4.06898667389482e-22,0.00962686022119614,0.846847371805396
ENSG00000158158,-0.425506936694823,2.76819003447723e-19,0.0277709287800805,0.577350306750831
ENSG00000158315,-0.388729538842181,4.27500425344326e-16,0.0534086074856313,0.283598393541935
ENSG00000160190,-0.4233757200414,4.34417837723853e-19,0.0118617588274967,0.81189362274792
ENSG00000160471,-0.3852837043284,8.1261117792382e-16,0.0895273914114445,0.0718999954120237
ENSG00000161013,-0.413038961518556,3.6952570125301e-18,0.0484649438051623,0.330605292037124
ENSG00000162069,-0.398810920012212,6.2487026293334e-17,0.0454957453855411,0.361123028631024
ENSG00000162366,-0.397642831743202,7.8347343995067e-17,0.00458055964435611,0.926779438416379
ENSG00000162460,-0.495299818002211,1.61530088864172e-26,0.0292101820394553,0.55777354404836
ENSG00000162522,-0.451682136852221,8.35916473561583e-22,0.0315354913179229,0.526841147699914
ENSG00000162949,-0.437548766362476,2.04152494954687e-20,0.0336167231385646,0.499915193789242
ENSG00000163082,-0.486195053092291,1.77356512456814e-25,0.00390432423517437,0.937565193353763
ENSG00000163235,-0.440169015499959,1.14166212974981e-20,0.0150938094873407,0.762015263545081
ENSG00000163293,-0.417554227716987,1.46375170283353e-18,0.0517254356685106,0.299068889061893
ENSG00000163362,-0.428384705574257,1.49870107224609e-19,0.018931090178688,0.704066160461009
ENSG00000163501,-0.400077312154827,4.88482239117238e-17,0.0456389608802217,0.359611828753897
ENSG00000163515,-0.260115705056435,1.05595299912413e-07,0.0439651416553964,0.377520812607144
ENSG00000163624,-0.428314844415684,1.52129836913708e-19,0.027761377715084,0.577481290373399
ENSG00000163701,-0.448022633533812,1.93971393777283e-21,0.0465966055667793,0.349608796332773
ENSG00000163898,-0.446541153298819,2.71946064504163e-21,0.014734651136541,0.7675136775445
ENSG00000164251,-0.445580307194862,3.3827852863463e-21,0.0121571544787045,0.807299876038099
ENSG00000164749,-0.412476144319809,4.14333673192397e-18,0.0268924952684417,0.589455063440191
ENSG00000164855,-0.442376119145707,6.96972190548252e-21,0.0464998391236795,0.350611499434446
ENSG00000165105,-0.398316151588415,6.87775229249126e-17,0.0306778816867346,0.538147218829131
ENSG00000165474,-0.392713706625003,2.01511482487116e-16,0.0190591241520018,0.702159715115204
ENSG00000165828,-0.461317078368135,8.67558779953987e-23,0.0445559979395341,0.371137363827347
ENSG00000166391,-0.430459566617839,9.59390261308462e-20,0.0573881411702313,0.249200162474764
ENSG00000166959,-0.395442548242701,1.19677526276087e-16,0.0351223516325885,0.480899524869126
ENSG00000167080,-0.434394061335101,4.08287039753575e-20,0.0471428280711578,0.343982844475049
ENSG00000167117,-0.416931857619186,1.66442374932752e-18,0.0458863930421078,0.35701028331768
ENSG00000167281,0.253387924357504,2.28434974225612e-07,0.0256838131627802,0.606298526787562
ENSG00000167306,-0.39031902722501,3.17070174435293e-16,0.0190038522526622,0.702982493926751
ENSG00000167642,-0.447449510453012,2.21101860403289e-21,0.000949487463881714,0.984802007005338
ENSG00000167701,-0.43452135232252,3.97082521356126e-20,0.0570990248924238,0.251596754926354
ENSG00000167741,-0.437264444755839,2.17376628199567e-20,0.0386949471056886,0.437391969678718
ENSG00000168143,-0.350411462867253,3.57825703281163e-13,0.0526417545900105,0.290578496812962
ENSG00000168350,-0.395756432089342,1.12680659248076e-16,0.0521747712551233,0.294885055122035
ENSG00000168748,-0.430500721077635,9.50909950213124e-20,0.04185924949536,0.400815464450888
ENSG00000168903,-0.490980581133524,5.07915460508054e-26,0.0516959411983625,0.299344890265169
ENSG00000168907,-0.480628189869424,7.41150745925805e-25,0.0227251886242393,0.648403675332924
ENSG00000169435,-0.396776666307994,9.26012879956923e-17,0.00617110989118919,0.901466887179603
ENSG00000169562,-0.408710871192798,8.86094278456109e-18,0.0422603248273374,0.396313805278525
ENSG00000170298,-0.38553001778453,7.76340207010206e-16,0.0655068605966583,0.188295242394929
ENSG00000170439,-0.481975710282999,5.25549399787898e-25,0.0344765347503175,0.48900760257736
ENSG00000170476,0.00349290754984523,0.944063640302601,0.0480748184629209,0.334517347171123
ENSG00000171124,-0.377754619630946,3.2213931279591e-15,0.0329851546373544,0.508008486328787
ENSG00000171219,-0.413854820669692,3.12913904971538e-18,0.0375505830962241,0.451076811112578
ENSG00000171246,0.207926974701669,2.41139125632512e-05,0.0186464781765197,0.708310704100621
ENSG00000171302,-0.45684421618953,2.50568529680479e-22,0.0288312094784381,0.562897009767807
ENSG00000171916,-0.39654919197202,9.67489394061176e-17,0.0560596361096486,0.26034471228945
ENSG00000172238,-0.374854395494274,5.42446898364557e-15,0.0577587011420463,0.246151764098227
ENSG00000172367,-0.424195781636616,3.65396982049199e-19,0.0504210249082882,0.311437065081694
ENSG00000172818,-0.375199323758889,5.09987895573501e-15,0.0373533161251151,0.45345997879567
ENSG00000172828,-0.404320100766374,2.12428566004109e-17,0.0503898622543088,0.311736595697937
ENSG00000172831,-0.505248617730499,1.08380187311003e-27,0.0275380443015943,0.580548058641542
ENSG00000173702,-0.45150686152907,8.70508945896087e-22,0.0125685485151678,0.800913267727296
ENSG00000174607,-0.385898153934306,7.25073885722955e-16,0.0327824329496798,0.510620726602601
ENSG00000175311,-0.409157800945212,8.10050621475752e-18,0.0434288073996026,0.383373213252198
ENSG00000175329,-0.393475858024649,1.74304995939507e-16,0.0543988249096492,0.274753807060225
ENSG00000175707,-0.390706665512239,2.94712217401695e-16,0.0331642029466871,0.505707120567323
ENSG00000176058,-0.474514389592268,3.45949774722365e-24,0.0349784824641605,0.482699429025407
ENSG00000176920,-0.417915086581316,1.35850934263067e-18,0.00739966762493424,0.881981960049516
ENSG00000177202,-0.414267896217832,2.87596845250535e-18,0.0664340743546666,0.182104869921662
ENSG00000178401,-0.416274236275188,1.90587628164024e-18,0.0561131668818987,0.259889114926319
ENSG00000178462,-0.502777651980056,2.13777685282301e-27,0.0229235530235319,0.645543369801611
ENSG00000178531,0.391884368115488,2.35861735876727e-16,0.0138719097285682,0.780768767519197
ENSG00000178826,-0.422190975595767,5.57319776363357e-19,0.0245495847358186,0.622296596299754
ENSG00000178828,-0.378704014199844,2.71310666777909e-15,0.0630361184250522,0.205543249169943
ENSG00000179178,-0.373592278251019,6.7942109580994e-15,0.0304577585137511,0.541068595474179
ENSG00000179913,-0.444157187428174,4.66788081004356e-21,0.0108573635598925,0.827560552620923
ENSG00000180745,-0.422584920117446,5.13067930799339e-19,0.0377205293853204,0.449029377778226
ENSG00000180921,-0.413463607189204,3.38906331314411e-18,0.0241257818103203,0.62832071771579
ENSG00000181072,0.261913004364174,8.56078724758698e-08,0.00369592086842249,0.940891560024389
ENSG00000182107,-0.392804958005352,1.98046278713436e-16,0.00627013154503729,0.899894050218015
ENSG00000182271,-0.504663499563933,1.27357784321369e-27,0.0248411464456695,0.618166761276099
ENSG00000182600,-0.335411579603154,3.93327881879574e-12,0.0689757363469475,0.165908781377972
ENSG00000182795,-0.44241937328731,6.90239138056646e-21,-0.002637790130429,0.957795234559605
ENSG00000183034,-0.513654888321508,1.03062663971019e-28,0.0588683651839768,0.237179252479512
ENSG00000183036,0.379279215969074,2.44435885230567e-15,0.027274540890994,0.584176175307021
ENSG00000183048,-0.422120960725974,5.65568484176089e-19,0.0626877449638617,0.208064380354237
ENSG00000183317,-0.400743697945075,4.28934938946348e-17,0.0570100453073248,0.252337552474377
ENSG00000183463,-0.339622797784297,2.03283825543142e-12,0.0696274008569553,0.161935568157242
ENSG00000183723,-0.422539023520218,5.18039986461949e-19,0.0493468822713334,0.321870666678282
ENSG00000183778,-0.474882453314053,3.15580954743929e-24,0.0194972328750345,0.695650386182599
ENSG00000184012,-0.41187553754013,4.68047458549401e-18,0.0067894841950822,0.891651326603512
ENSG00000184307,-0.380885788710537,1.82456182854602e-15,0.0332913944126223,0.504075615327906
ENSG00000184434,-0.459744221599662,1.26197263661327e-22,0.0349778417077782,0.482707453485134
ENSG00000184709,-0.403391353790349,2.55163287407431e-17,0.0481149791908797,0.334113260840561
ENSG00000184731,-0.3824194148602,1.37804576970322e-15,0.0225401846413047,0.651075998163343
ENSG00000184992,-0.412710937987175,3.95025987231278e-18,0.0395696352460765,0.427094527729658
ENSG00000185681,0.408093635650751,1.00276814486844e-17,0.0199043195430161,0.689621924993243
ENSG00000186188,-0.483266434707539,3.77564736884163e-25,0.0134661342108048,0.78702534618921
ENSG00000186198,-0.448123714580391,1.8953923562969e-21,0.0305641456161804,0.539655688161102
ENSG00000186564,-0.365399479601888,2.86140163492116e-14,0.0630052176278019,0.205765976067539
ENSG00000186854,-0.309900143777315,1.73795832218728e-10,0.0604520827412916,0.224776378536135
ENSG00000187097,-0.44141377024679,8.64683795717328e-21,0.0540297872054707,0.278027848009571
ENSG00000187783,-0.450148355953269,1.19102542531094e-21,0.0717573840779877,0.149447750891384
ENSG00000188175,-0.407599322182659,1.10698670843709e-17,0.0471105551811857,0.344313637687753
ENSG00000188761,-0.348454639993269,4.92801691304572e-13,0.0371600622573136,0.455801512598151
ENSG00000188833,-0.459608235654029,1.30341139637358e-22,0.0272521152819392,0.584485433119379
ENSG00000188933,0.248162876996074,4.09767219911291e-07,-0.0477041085298731,0.338262139201471
ENSG00000196436,-0.0832389740635448,0.0939429664101679,0.0958641363693069,0.053891534936158
ENSG00000196620,-0.395818368178387,1.11348281166632e-16,0.026432393284385,0.595841418043106
ENSG00000196684,-0.0912115738837229,0.0663540133553619,0.0500625804533267,0.314893802907634
ENSG00000196878,-0.42614535098208,2.41712362897721e-19,0.00941845626347575,0.850123284562984
ENSG00000197582,0.0394772975205318,0.427601727964866,-0.0139298485215515,0.779876562060734
ENSG00000197888,-0.351461407684099,3.0108636543407e-13,0.0785599442847981,0.114441077335361
ENSG00000198488,-0.458894771915488,1.54382013351995e-22,0.0138896768390265,0.780495139318557
ENSG00000198692,0.141801457472545,0.00419795399569599,-0.0196056210466585,0.694043396509425
ENSG00000198944,-0.415567443024252,2.20384128113046e-18,0.0296779951919991,0.551480353780979
ENSG00000203697,-0.425572707409046,2.72981987331145e-19,0.0221360362921995,0.656929314677837
ENSG00000204099,-0.417080729287634,1.61409048828982e-18,0.0583487409478135,0.241351744178559
ENSG00000204175,-0.456429988069886,2.76212020574391e-22,0.0271448510562696,0.585965696589437
ENSG00000204610,-0.39031574531812,3.17266401481889e-16,0.0148066918175735,0.766409849928065
ENSG00000204616,-0.467382856866774,2.00768087336359e-23,0.0206752613234694,0.678259090382713
ENSG00000204991,-0.35797113961524,1.01752235101883e-13,0.049905787694652,0.316413736237655
ENSG00000205277,-0.449268128960289,1.45817998352602e-21,0.0147562001607536,0.767183447954256
ENSG00000205890,-0.434499213679258,3.99009235721218e-20,0.0590536518928892,0.23570378739295
ENSG00000210140,-0.555095529348024,3.44000773814517e-34,-0.0784929124318308,0.114751530710116
ENSG00000210191,-0.265775438169893,5.42455132838918e-08,-0.0086183652519639,0.862723435123963
ENSG00000211611,-0.0213251020983752,0.66835059878917,0.0451681236042526,0.364594965235096
ENSG00000211625,-0.0517125174745048,0.298590223036953,0.0493132634782023,0.322200847103757
ENSG00000211632,-0.0579436676909853,0.244054705021308,0.04325735565077,0.385255683651088
ENSG00000211637,-0.062285314936526,0.210438305482038,0.0426976892158144,0.391439659612045
ENSG00000211638,-0.0542608822778919,0.275378821916589,0.0478035681779082,0.337254807311045
ENSG00000211642,-0.0675128250896844,0.174558578063118,0.0686432223230719,0.167964065794084
ENSG00000211649,-0.0402538905668039,0.418560831900382,0.0487256134306078,0.328007883773863
ENSG00000211650,-0.0770889178218735,0.120945297329424,0.0349534999548953,0.48301234888943
ENSG00000211652,-0.0480725264795232,0.333940713275539,0.0391117940678184,0.432466900793141
ENSG00000211655,-0.0436452339886147,0.380414027754947,0.0294190596742789,0.554959348979672
ENSG00000211658,-0.0445147148150249,0.370987727554082,0.0321137482219884,0.519286631010518
ENSG00000211664,-0.0723977456324637,0.145340676756028,0.042745682239863,0.390907024377195
ENSG00000211669,-0.0423762572564291,0.394431744458339,0.020621294285424,0.679052173726667
ENSG00000211670,-0.088176461562296,0.0759496320384397,0.031128663469555,0.532189360221571
ENSG00000211674,-0.045308365254833,0.362510806347786,0.0440530170041325,0.376567187031822
ENSG00000211676,-0.0638492935455409,0.19918697739095,0.021617381204758,0.664471835208094
ENSG00000211678,-0.0194257171761406,0.696353637425782,0.0302472659726515,0.543869522031821
ENSG00000211685,0.00198813970287944,0.968143805566884,0.0202355992485499,0.684730496003021
ENSG00000211904,-0.0690140899740209,0.165148234842675,0.0408079880642874,0.412759126068984
ENSG00000211905,-0.0602320242458132,0.225895592622255,0.0422195579270815,0.396769978634658
ENSG00000211911,-0.0517916651911464,0.297850292024307,0.00722283981370406,0.884782351840015
ENSG00000211918,-0.0368835268746006,0.458606548539622,-0.00223535250904917,0.964229568706043
ENSG00000211923,0.0138073296476018,0.781499521735684,0.0285589141482686,0.56659218026462
ENSG00000211930,-0.0790155913153025,0.111902986448805,0.00322643682961447,0.948388762766329
ENSG00000211933,-0.0850468228490769,0.0869954109843106,0.016670246636098,0.738026001878066
ENSG00000211941,-0.0629558954325097,0.205559251812552,0.0269194472795992,0.589081938357677
ENSG00000211942,-0.0490660145844101,0.324035618329681,0.00995594965907674,0.841679784310569
ENSG00000211946,-0.0599910446329952,0.227761311991151,0.01525510248009,0.75954987312978
ENSG00000211950,-0.0676370735561252,0.173764931933696,0.0068215919272661,0.891142113295536
ENSG00000211951,-0.0648634425861727,0.192129132757166,0.046680830897955,0.348737523048823
ENSG00000211952,-0.0597721926365327,0.229465170259675,0.0142903636431973,0.774331484186819
ENSG00000211962,-0.0630666108572282,0.204761643187034,0.0269391197467173,0.588809660242774
ENSG00000211964,-0.0596405395118992,0.230494489496379,0.0460862493758137,0.354917603836311
ENSG00000211965,-0.0710194112730828,0.153178604892692,0.0426533847429934,0.391931748028334
ENSG00000211967,-0.0696023274190697,0.161566588955199,0.0185486331312884,0.709772005598957
ENSG00000211970,-0.0705565247234845,0.155881429729602,0.0332865588234286,0.504137591568361
ENSG00000211972,-0.074138573293933,0.13588327565297,0.0253387048762293,0.611146813122569
ENSG00000211973,-0.0858380599255268,0.084087615821931,0.011818838302561,0.812561628042755
ENSG00000211976,-0.0723440137101409,0.145640379657097,-0.00362160133621859,0.942078040086899
ENSG00000213058,0.00949732661312731,0.84869786870453,-0.0177657021869476,0.721502884839427
ENSG00000222037,-0.0463590276704589,0.351476327875273,0.0563058110856849,0.258254082706255
ENSG00000223572,-0.391549915693916,2.51286996036627e-16,0.0483910268641514,0.33134423428184
ENSG00000224041,-0.0495029773414095,0.319740089337337,0.0541460919391214,0.276993168596173
ENSG00000224114,0.0203053007886248,0.683331618041323,-0.0163250389979511,0.743258389276886
ENSG00000225178,0.115485141848608,0.0199344532307273,-0.0439916926700958,0.377232524092885
ENSG00000225523,-0.0353523956963835,0.477482867804566,0.0368244981351994,0.459883384318934
ENSG00000225698,-0.0634600065928567,0.201945709087581,0.0480126577991914,0.335143409398492
ENSG00000225953,-0.309449431123248,1.85237441662894e-10,0.0738331594501022,0.137995711844006
ENSG00000225986,0.268464671348366,3.93126060567881e-08,0.025402423935702,0.610250362007074
ENSG00000228325,-0.0756222602392807,0.128202811031695,0.0167110797854087,0.737407878503224
ENSG00000229719,-0.482545754918756,4.54211797110236e-25,0.0592333453640856,0.234279053829145
ENSG00000229807,-0.0777814441417479,0.117631701132182,0.00775024806816883,0.876434254273193
ENSG00000231475,-0.0405575543439206,0.415056368967359,0.0378051428346658,0.448011956723779
ENSG00000232070,-0.470008968518694,1.05574278364947e-23,0.0339116554093066,0.496159241889411
ENSG00000232216,-0.0737966602030903,0.137702424405202,0.0369738798911349,0.458063761089648
ENSG00000233493,-0.371818315519292,9.30799981359502e-15,0.0509244702067603,0.306624236160246
ENSG00000237289,-0.374002107472771,6.31588896181064e-15,0.0443807418070589,0.373023784653199
ENSG00000239855,-0.0333377647562575,0.502951840306407,0.0484631967196551,0.33062274525497
ENSG00000240671,-0.0599448434558206,0.228120258267315,0.0378518382345755,0.447451034474057
ENSG00000241244,-0.036187246252383,0.467138431020693,0.0376174790198802,0.450270252794748
ENSG00000242076,0.00657026204853794,0.894999824631161,0.00473994665937302,0.924239139684591
ENSG00000242371,-0.0285107079149622,0.566766515570806,0.0351009630355504,0.481166880549121
ENSG00000242515,-0.462635359435987,6.32760626860468e-23,0.0200698112704509,0.687176766791144
ENSG00000243063,-0.0149562111681576,0.763836245934916,0.0512410678311158,0.303622908864891
ENSG00000243264,-0.0361255797415399,0.467898266415335,0.0378184541062384,0.447852016309271
ENSG00000243290,-0.040114125298859,0.420179620765871,0.0384793973046464,0.43995126519313
ENSG00000243709,-0.362682850193038,4.56810527852682e-14,0.0450081738064596,0.366297539948714
ENSG00000243766,-0.399138405264686,5.8637993024238e-17,0.068853535973267,0.166661905871803
ENSG00000243989,-0.462522451694283,6.50132047940871e-23,0.0262276095742986,0.598693948587823
ENSG00000244116,-0.00617715767306618,0.901248996707593,0.0391574373581118,0.43192957295221
ENSG00000244187,-0.40106154829964,4.03104631772129e-17,0.0435581439350775,0.381956871206858
ENSG00000249007,-0.258548429185584,1.26636249683819e-07,0.022575163399852,0.650570397364982
ENSG00000251546,-0.0375547605212536,0.450464639441912,0.0353204996761411,0.47842652738978
ENSG00000253313,-0.407478916101793,1.13394369105197e-17,0.0335957556150349,0.50018278561999
ENSG00000254395,-0.058504389076916,0.239513406843868,0.01350000741079,0.786502531094179
ENSG00000254827,-0.462545025799034,6.46621699131642e-23,0.0503338638969092,0.312275318598786
ENSG00000257084,-0.339199276716704,2.1733442416119e-12,0.068890206579458,0.166435635456539
ENSG00000259342,-0.295404726561848,1.28010442155984e-09,0.0598157021917683,0.229703534736599
ENSG00000259823,-0.50557921428366,9.89228825834533e-28,0.0250781886345502,0.614817997295256
ENSG00000259974,-0.298956490268439,7.92824283248944e-10,0.0125117570782844,0.80179413758402
ENSG00000261116,-0.382075986955799,1.46762656604065e-15,0.0528917213007364,0.288290692252418
ENSG00000261183,-0.363726731479348,3.8185597852932e-14,0.0538062716317575,0.280023656572291
ENSG00000269404,-0.356235961056051,1.36203444994473e-13,0.0475220583805444,0.340110931849284
ENSG00000271824,-0.386040030048692,7.06216456236537e-16,0.0550821519230161,0.268760927885678
ENSG00000272141,-0.379524787568925,2.3377434927595e-15,0.0654194893958666,0.188886438549341
ENSG00000272763,-0.332574679042895,6.1011669397296e-12,0.0414075001651675,0.405922361075274
ENSG00000274173,-0.373955956469856,6.36805769026123e-15,0.0320383144857756,0.520268950048727
ENSG00000274576,-0.0806017236362589,0.104865058961403,-0.000172377301615871,0.997240677978666
ENSG00000274993,-0.418534927953359,1.19484117390145e-18,0.0427479279065856,0.390882112308201
ENSG00000275410,-0.381157681923498,1.73618040987811e-15,0.0495873697627793,0.319515184877635
ENSG00000275718,-0.417007906032438,1.63852195329393e-18,0.03487498641279,0.48399648890781
ENSG00000276775,-0.0760164067612664,0.126220087532823,0.0538233518957724,0.279870802606562
ENSG00000278535,-0.418198081749605,1.28121666524058e-18,0.0593067667097935,0.233698671611645
ENSG00000278978,-0.376646413205803,3.93357789719743e-15,0.0492782906679937,0.322544559332252
ENSG00000280411,-0.0568108026609018,0.253412791577357,0.00563050075065461,0.910060434387568
ENSG00000282600,-0.0717416320900714,0.149032649641377,0.0232975771572793,0.640164359027977
