SAMPID,PC1,PC2,PC3,PC4,PC5,PC6
GTEX-111CU,-1.12619769212994,-0.877514871688339,0.156572325240003,-0.0773242696303494,-0.53321987392071,0.188227582298524
GTEX-111YS,-0.757847095388359,-0.613150943764081,0.632833730067015,0.0595228147244097,-0.338909603930439,0.105251300204066
GTEX-1122O,-0.46644344108881,0.0972939040249798,1.70073608625375,0.243555075772995,-0.633431600833458,0.217822807878098
GTEX-1128S,3.15115630380749,-0.0867464440073774,0.0513849493924192,0.188636132688593,0.122052175244553,0.149314036513284
GTEX-117YX,-0.982022887779336,-0.639159230603598,0.413921121794053,0.0718238882389105,-0.529711791422371,0.186283144622997
GTEX-11DXX,-1.08345757761632,-1.1424952705293,0.253816372613108,-0.40006976793092,-0.434165831007692,0.141576564064484
GTEX-11EQ9,-0.112660068188212,-1.02564394715044,-0.430369266223342,-0.315046751770709,-1.58478135043896,-0.882221186180436
GTEX-11GSP,2.51564367919249,-1.1676680699675,-0.844989433168254,-0.656255955773028,0.0167731240483111,0.189485038174197
GTEX-11I78,-1.10015497027914,0.45179210838404,-0.514402871469179,1.77246062061475,-0.641975994274534,0.267958764817968
GTEX-11LCK,-0.527491959059081,0.270904682253935,0.669523528411817,1.07230120040537,-0.336911139513979,0.119271820846719
GTEX-11NSD,-0.789332079206311,0.0943045237946662,0.576726765895334,0.826271409029511,-0.581318706730028,0.217130797523005
GTEX-11ONC,2.41790966438367,-0.867050362520413,-0.66126316671698,-0.505073963860245,-0.282289458024359,0.312859717595202
GTEX-11P7K,-0.742972521002574,0.0982028018979134,0.566963015846542,0.858150634289897,-0.518394841798165,0.191822192140162
GTEX-11TT1,-1.45141508167698,-1.33633731084541,-0.481002741742042,-0.293469898189258,-0.542367518289739,0.195539607904583
GTEX-11VI4,-1.11574818612088,0.11112346161434,-0.544558529276745,1.4264272599028,-0.541216915653768,0.221614455065395
GTEX-11XUK,-0.0690214105968484,0.975067231495554,2.09836787680688,1.09083654970294,-0.563718982399823,0.197641441906824
GTEX-1211K,-1.19395116793216,-1.32853632297425,-0.00575008182432304,-0.477164648583037,-0.409736329294648,0.133132562206823
GTEX-12BJ1,-0.459983322344668,0.0949430585817187,1.30095918546217,0.505430402608119,-0.45727328470623,0.153538589486956
GTEX-12WSD,2.70465709959651,-0.326190713951943,0.656368538299749,-0.664947996966796,-0.633243878431699,0.44081620337753
GTEX-12WSG,-0.33666517637797,0.422278274868947,0.24453742555675,1.59752972452752,0.0398282354948375,-0.0233184049720175
GTEX-12WSK,-1.29631326105914,-1.38492726825454,-0.387031357693615,-0.334475260013224,-0.365154675892135,0.121000195422076
GTEX-12WSL,-0.968985863350066,-1.00880791223744,-0.156198752893243,0.0615217148453195,-0.157015730394385,0.0388489955017888
GTEX-12WSN,-0.695396467157002,-0.745167781675099,0.606154868409568,-0.0331641880987302,-0.204827839870287,0.0489689287251009
GTEX-131XE,-0.966383753840426,-1.01430861381707,-0.15731037212897,0.0576597563943553,-0.151428990225212,0.0365038966901653
GTEX-131XF,-0.147586777721442,0.604856851281,1.28282319178957,1.19812802173242,-0.207020364491113,0.0611760680850768
GTEX-131XG,-1.29735540728755,-1.00567266103686,-0.61485287863887,0.213155126216421,-0.391958467523663,0.142696476846859
GTEX-132AR,0.0780498687706994,-0.317234498073922,-1.20422885566955,0.282101449066837,-0.605382119970258,1.96927281766886
GTEX-132QS,1.49145568854457,-0.976099539586536,-0.691554318487413,1.58134045948579,3.24512441898521,-1.33251192660732
GTEX-1339X,-0.771597008435309,-0.426603307582254,0.654225620364105,0.235533162926648,-0.425010285496782,0.143099880157499
GTEX-1399R,-0.707812957031075,0.263021240597425,0.708218089443584,0.955495741985121,-0.584276293105494,0.218889348977822
GTEX-1399S,-1.08659029079067,-1.0542104364191,0.395911940627598,-0.401495839418651,-0.525681404132138,0.177697117181181
GTEX-1399U,-1.13867060034846,-0.901267813809044,-0.506589932646859,0.325486282842137,-0.264741901264985,0.090883869610791
GTEX-139YR,-0.717455172574713,-0.803524453507474,0.605233039040232,-0.104160918821986,-0.214468267522801,0.0518777278289611
GTEX-13CF3,-1.26403211139155,-1.493309914554,-0.40477739343503,-0.422049359875437,-0.281424669700449,0.085418484262266
GTEX-13D11,-0.767650732197786,0.143149301494432,0.178662746575632,1.14793410301336,-0.402434233498604,0.152605855265523
GTEX-13FH7,-0.545706345511462,-0.277949605092674,1.15026890834276,0.171923352037342,-0.386792675341404,0.121127237091135
GTEX-13FLV,3.40431602506737,-0.875115723816103,-0.0817151038105426,-0.437280090797188,0.756558229059063,-0.119771522792966
GTEX-13FTW,-1.0263436886713,-0.802806616232417,0.00936601575023596,0.143625671006546,-0.366062252743669,0.12433799123114
GTEX-13FTX,-0.239987380073187,0.281092717839191,1.53656681373187,0.648834043134579,-0.329806006759537,0.100732194637845
GTEX-13N11,-0.810206135749418,-0.0324476147073195,0.170674880294936,0.948703583771694,-0.398392196111817,0.148030991398497
GTEX-13O1R,2.79055894313397,-1.40364518415962,-0.39757828735007,-1.07027129103227,0.261202446041733,0.0779071361795636
GTEX-13O61,-0.290117962389431,0.412100601460722,1.29502868103028,0.921500788216738,-0.335530921844163,0.109765122652699
GTEX-13OVI,-1.10866971930551,-1.1674409870832,-0.141254087593433,-0.179667857896162,-0.293835301655286,0.091360927272303
GTEX-13PL7,-1.26444668834547,-0.600754375962771,-0.98028760832211,0.89343289817158,-0.325425364595763,0.129448777102315
GTEX-13PVR,-1.07052032492095,-0.814407324637974,0.0178929498845797,0.105455587116485,-0.423189971834153,0.1471801302338
GTEX-13SLX,3.44753455255076,-1.24300702919358,0.00528354736826804,-0.861420066475499,0.893249730085331,-0.183325714253386
GTEX-13U4I,0.696277557062898,-0.194448456950271,-1.32745672884519,0.777183004302522,0.208301701373542,1.6432148956171
GTEX-13VXT,-0.228442012897703,-0.811765208578349,0.231957648706583,0.356865924262847,0.577904105819629,-0.263256567744676
GTEX-13W3W,-0.420148478185459,0.643033038658356,0.682695491726437,1.50488825056551,-0.321668438230221,0.119366141030955
GTEX-13X6H,-1.1134166295129,-0.883632262665069,-0.510380124450636,0.358179236246688,-0.236037790710686,0.0796047308179097
GTEX-13YAN,1.81143871154089,0.362168149714989,0.473943878624477,0.699888225070409,0.723869552458666,1.41069332840236
GTEX-144FL,3.33972468414339,-1.33006581941669,0.0203039670318925,-1.01261892342984,0.774940604421023,-0.137077735955829
GTEX-144GM,-0.691853265033867,-0.860733198026416,0.593991650004241,-0.145209403510338,-0.158391460158865,0.0283053721441666
GTEX-144GN,-1.37464581547763,-1.46708032493263,-1.04153191448272,-0.0291849422137304,-0.167075842752819,0.0510654405209114
GTEX-145ME,-0.322529207260738,0.117957752006661,1.14042859601644,0.698034984990872,-0.219372692379795,0.0602550219854971
GTEX-145MN,-1.20035743114823,-0.994569891519253,-0.634991211257296,0.28276721900107,-0.261361620179588,0.0902196375437856
GTEX-145MO,3.05448468752084,-1.2153262967082,-0.545681894444798,-1.12007485478471,-0.723519605867048,-0.268981048829581
GTEX-146FQ,-0.614817673582375,-1.01403637980114,-0.897791578303623,0.704294747375405,0.6135256313371,-0.26064058382279
GTEX-146FR,1.5526748489839,-1.18304172255107,-0.459925863974165,1.24034870220881,3.29351641168155,-1.36002379496904
GTEX-148VI,-0.293473125775648,0.396532143227189,0.89609785524422,1.16438212998798,-0.168242623661015,0.0488360586306524
GTEX-1497J,-0.648374546197373,-0.266806420119968,0.377578177695367,0.641449042139367,-0.200549078841824,0.0597933116132387
GTEX-14AS3,-0.511831722853619,-0.793497112308669,1.75560464361953,-0.750817816361565,-0.431816574692281,0.119318779214207
GTEX-14BMU,1.43412804704877,-1.54692626704022,-0.469833143357346,0.809134005733482,3.25976714816671,-1.35251710715539
GTEX-14C39,2.85370929231034,-0.0861762246051882,-0.016159557247454,0.0961372577784921,-0.235413842368582,0.295735020372868
GTEX-14DAR,-1.00188127402943,-0.646253710810681,0.152148170649383,0.226336673042078,-0.44381649775187,0.156054219412267
GTEX-14E6E,-1.36644843921602,-1.13719015566517,-0.878109049358811,0.214963006951779,-0.329674335294127,0.119902043244117
GTEX-14ICL,0.449079157572999,-0.823203475694859,1.01149719303561,0.147821300752592,1.13393170207118,-0.503511297783518
GTEX-14JG6,-1.0706594997922,-0.815823024728181,0.150494301777102,0.0172084393232749,-0.478324520878584,0.167125715535471
GTEX-14PHX,0.599864036333661,-0.583788140094192,0.115097084762669,-0.620208324731633,-0.395542694184503,1.85528510845904
GTEX-14PHY,-0.121037262607286,-0.977386965608181,0.457547951787146,0.0846241112927024,0.675533615043013,-0.309930433043286
GTEX-14PJ2,1.83992031526666,1.0067072252742,1.19477317100056,0.920139347111491,0.254568852558418,1.59942973235009
GTEX-14PJ3,-1.19663693384318,-0.994881107021034,-0.503125888564337,0.197944813293026,-0.311537646071465,0.108184226739511
GTEX-14PJ4,-1.26621170651637,-1.3329311355707,-0.255786437806189,-0.351664972495748,-0.397519569549945,0.132659704865065
GTEX-14PJ6,-1.34784058091329,-1.26194027089127,-0.496343728538851,-0.157342363260407,-0.425385923004574,0.149614606032924
GTEX-14PJM,2.58662849577497,-0.367658852212472,0.0145662780729987,-0.343456821806712,-0.504860988080746,0.399668587067644
GTEX-14PJN,0.0689744327675672,0.238317610328419,1.06659043357539,1.05364953630754,0.280600523339422,-0.139340114440827
GTEX-14PJO,3.75690414518274,0.193820113849877,-0.802181648539472,0.388253700980208,-1.48299323135632,-0.683962441848533
GTEX-14PK6,-0.645121720198446,-0.724128988073366,1.26077504128932,-0.415802799838584,-0.419880182554847,0.124723293104765
GTEX-14PKU,-1.02070659277297,-0.474725910795257,-0.224960151900444,0.644730442062328,-0.365212845547446,0.134024917180907
GTEX-14PKV,-0.3969374923112,-0.191397493059389,0.197260124509921,0.954733325647115,0.176680069446468,-0.0887956530063733
GTEX-14PN3,-1.41500332587065,-0.884952556483782,-0.70991515046219,0.348073866865921,-0.543118376759738,0.20793975791321
GTEX-14PN4,3.78393339782554,0.601241130874724,-0.0193336742790127,1.25097536291494,0.752858827538677,-0.0935199251101637
GTEX-15CHR,-0.461667106340506,0.368142644732985,0.531986074037645,1.29493930191802,-0.225063799357958,0.0780638862044355
GTEX-15DYW,2.49316963375364,0.370947918268721,-0.423036472991819,0.67689684114471,-0.678101344021737,0.490969159165594
GTEX-15ER7,3.1322252747283,-0.255398860100725,-1.31201595148131,1.36039331520055,2.04959233496147,0.141241463749012
GTEX-15EU6,-0.296886373285125,-1.11923418318225,1.27832539317555,-0.682429208106801,0.149803098409917,-0.11389078363183
GTEX-15FZZ,-0.432197349667422,-1.26174443612089,0.763060021359736,-0.55798776782866,0.235058659378091,-0.141605537062459
GTEX-15RIF,-1.23586531288579,-0.653951927928729,-0.593654767904791,0.597856491771665,-0.433005862641565,0.165147465759518
GTEX-15RJ7,-1.02340196000236,-1.34322603106588,-0.0445299675045941,-0.388570854988288,-0.167819606546008,0.0353335363333276
GTEX-15SB6,-0.0242310330949124,-0.557234563559603,0.875889843363044,0.297999491340622,0.492551541540965,-0.235887637804515
GTEX-15SDE,-1.00733698484937,-1.41082098819468,-0.320127985320109,-0.272119029154102,-0.0103437190372891,-0.0247748355857129
GTEX-15SHV,-0.176882326516836,-0.423894652614853,1.71870588990298,-0.183123641686591,-0.0998604920271479,-0.00834360320136304
GTEX-15UF6,3.86287327550305,0.767523183056696,-0.370714837158694,0.758888262516204,-1.70842909343236,-0.590225019306521
GTEX-15UF7,-0.788406718027538,0.393531090878047,-0.721094370051652,1.99013108016742,-0.133039640666266,0.0640172429880844
GTEX-15UKP,-0.127760376937294,-0.329498328465804,-0.00798004713425856,1.06777896375295,0.655233183757271,-0.281824150019832
GTEX-16MT8,3.49408609399238,0.441992904482151,-0.587487132803542,0.387811903826637,-1.99226953323206,-0.476698846846215
GTEX-16Z82,2.89056965643044,0.294999356497778,0.809594641630559,-0.0255332173071722,-0.653918200502217,0.457307390720119
GTEX-178AV,-1.01323950234258,-0.386901408907417,-0.350650965305853,0.822786191880387,-0.330955534108746,0.123947208670746
GTEX-17F98,-0.596730439402232,-0.75474040823056,0.716324475436468,-0.0697366816772892,-0.119938402955854,0.0123131886634685
GTEX-17F9E,-1.03088107492311,-1.45644210082164,-0.584890505881323,-0.157901705482552,0.0842793998854747,-0.0591693731364536
GTEX-17HGU,1.12398751600141,0.29269831661349,-0.311394584955932,0.822986205006778,0.183132453643672,1.64342528046132
GTEX-17HHE,-0.922173466346021,0.40699765832505,-0.159644958833089,1.57550941571536,-0.545281111050464,0.221424546303127
GTEX-17KNJ,-0.304111049691047,0.28315397469022,0.887254343673311,1.04592464677183,-0.14226855357643,0.0364605891791801
GTEX-17MF6,4.31390720334589,0.276914142512339,0.363540553570788,0.903863549150569,1.3829270639934,-0.362088023561118
GTEX-18A66,3.18835215545824,-1.19601071695636,-0.0184177544119545,-1.84931620452531,-2.1052301877846,-0.469936466583371
GTEX-18A67,-0.816852768041721,-1.46456422941081,-0.367119818589612,-0.210061023762874,0.273264149307942,-0.140040734977826
GTEX-18A6Q,2.51480492207494,-0.898246512562621,-0.0219951418101764,-0.911139428909389,-0.413888413169828,0.354085563923088
GTEX-18A7A,2.72035802460304,0.364174921287495,-0.0753031343454196,0.547262522279906,-0.526791609773655,0.423049212470802
GTEX-18D9U,-0.804677268775363,-1.34379484607331,-0.225174168411296,-0.1701350876251,0.191317907490102,-0.107234209950446
GTEX-1A3MW,4.03593632593946,0.180730020445122,-0.333708749842074,0.196956442859362,-1.31293010655467,-0.761814238679184
GTEX-1A8FM,3.79089712264816,-0.588246713473684,-0.270778591850795,0.166646201757842,1.24532830852068,-0.30979287797677
GTEX-1AMFI,-0.591901916796016,-0.934066168847231,1.36114900563045,-0.677825793671399,-0.32606128144698,0.0811064640847034
GTEX-1AX8Z,-0.970046307612269,-1.54765676865366,-0.872615859768567,-0.0377216146260481,0.31235994921729,-0.148145124935552
GTEX-1AX9J,0.401128168490234,-1.16610855461037,1.91717683470154,-0.827333571848655,0.802446983630287,-0.391436604922402
GTEX-1AX9K,0.00811599469976352,-0.622144239533144,1.79138585917559,-0.353929543729871,0.172603551898992,-0.123802888589502
GTEX-1AYCT,-0.354064476469764,-1.34767408757612,0.339358585842571,-0.33536363988505,0.540691814776937,-0.259502040424266
GTEX-1AYD5,-0.241717602871351,-0.176387706136661,1.09373500752784,0.456055535931306,-0.00149370914756676,-0.0325408861927507
GTEX-1B8KE,-0.509830184086577,-0.0511787871103998,1.16476142132888,0.417679486452874,-0.418487911555942,0.137711456433177
GTEX-1B8KZ,-0.854474745000779,-0.019201134553331,-1.01272314333154,1.71590648900762,0.0344760690117893,-0.00592793579658399
GTEX-1B932,-0.914839416887837,-0.490971790848746,-0.780576352425476,1.03973879132241,0.00931618701207608,-0.00822149641814143
GTEX-1B933,2.70165562575386,-0.970389612192704,-0.202715097080692,-0.782694377333342,-0.0732613447303109,0.217781771112272
GTEX-1B97J,-0.620319685451604,-0.945727704128595,0.702668467171179,-0.272707750195063,-0.0840511699316775,-0.00536132752482607
GTEX-1B996,3.26335107816971,0.355360919544524,-1.12400288560107,1.47417833364248,0.61793481847352,-0.022862994454534
GTEX-1C2JI,-0.251057797915522,-0.288425482367566,0.288477181626484,0.860292159891524,0.358499836632604,-0.166005151997181
GTEX-1C4CL,-0.456696601793256,-0.946822015445902,0.268613180545215,0.0854245825493084,0.309721160871736,-0.157377097411395
GTEX-1C64O,0.0629416794805899,-1.17414554465212,1.06143953160515,-0.432381602340516,0.724247281362429,-0.344192092681809
GTEX-1C6VQ,3.27501246732762,-0.711561059696714,0.0954156106987311,-0.440612573002834,0.462936311098232,-0.000889454679428256
GTEX-1CAMQ,2.77722911846283,-0.355756977548809,0.372148691416695,-0.476758701106404,-0.411026687921653,0.355238743498087
GTEX-1CAMR,-0.999113513713136,-1.14925097781268,0.10197778601066,-0.268989133906304,-0.259260199959028,0.0731963729604117
GTEX-1CAMS,-0.598778795195356,-1.32684536159822,-0.135863772329622,-0.115672603176415,0.415464804020484,-0.199600576115689
GTEX-1CB4F,-0.67006216391231,-0.738061818255098,-0.991215132127424,1.03034357858628,0.49317165610842,-0.205216008185052
GTEX-1CB4G,2.67260914369579,-0.360342850743132,0.660018382552042,-0.718067993707485,-0.665440672433111,0.453226765296444
GTEX-1CB4I,0.0487908788032187,0.241838009994664,0.275093081157211,1.56551079168774,0.584031237430855,-0.248057463883872
GTEX-1F5PL,-0.623510860972965,-1.45674735623657,-0.143250376374166,-0.25897771372032,0.42781973868064,-0.206761262660677
GTEX-1GF9X,-0.0622768082111567,-0.00883046473872115,0.805546340150758,0.903626945706682,0.298182967484539,-0.14604786660044
GTEX-1GL5R,-1.0021364746658,-1.30067372518467,0.353139321209563,-0.593962147584986,-0.319951833253377,0.0906034734544332
GTEX-1GMR3,-0.0370418994222795,-0.361648347528152,1.95964993184795,-0.21060516214766,-0.0390941478430627,-0.036330885483426
GTEX-1GN1U,3.27916170988307,-1.3283113074002,-0.847594534450819,-1.40455358533754,-1.59899769885978,-0.662711259268406
GTEX-1GN1W,-0.655675604760342,-1.28271959405731,0.279069905980448,-0.366763498549028,0.154316164302815,-0.100343495678311
GTEX-1GZ4H,-0.750712206445852,-0.232705060960911,-0.791053809321544,1.39415153514425,0.144254990588641,-0.0583040655466935
GTEX-1H11D,-1.12373936525616,-1.30888726534147,-1.0808660188894,0.278811311355323,0.1242244725802,-0.0637480697936268
GTEX-1H1DG,2.30094064668191,0.435220519300337,-0.289559173475806,1.50182684980649,1.65406347045255,1.04813686138418
GTEX-1H1E6,-1.7017018981635,-1.71512887150418,-1.65793518277959,-0.0381817366129645,-0.254501179105141,0.0934777295541025
GTEX-1H23P,3.38025140972893,-0.0100954247265959,-1.00524849360412,0.132586595199984,-1.821440755449,-0.546376432158415
GTEX-1HKZK,-0.483052464030933,-1.76982127244642,-0.868397767231534,-0.0495808909869779,1.01243843858496,-0.436440564356802
GTEX-1HSGN,-1.13394940300924,-1.39058139419196,-1.21939148671203,0.278682915395938,0.194858924733396,-0.0913378006437438
GTEX-1HSMO,3.9515624103155,0.348807527988638,0.208341729133609,0.447164873368223,-0.373473487948854,-0.397486595065352
GTEX-1I1GQ,3.74785550928591,0.325490899380443,-0.0386083822139875,0.956701929512635,0.801871404931443,-0.11790877257821
GTEX-1I1GT,-0.190579665916742,-0.334278165500466,0.138010177901896,0.938313501762882,0.514337901413965,-0.227352057937162
GTEX-1I1GU,-0.664029031455906,-0.0697249534554171,0.135004180121858,1.0002445445577,-0.182176808160683,0.0602171873435119
GTEX-1I4MK,-0.981213553311352,-1.14970406958087,-0.16740585048709,-0.0850867286088905,-0.123360863418567,0.0229147515531017
GTEX-1IDJC,-0.8365338591099,-1.35640450876836,-0.484864228635995,-0.0283254292561422,0.262547037375144,-0.131641514411897
GTEX-1IDJD,-0.701959302457861,-0.471581672237908,0.369129396730003,0.406720157536068,-0.201327255281293,0.0566728472981425
GTEX-1IDJU,-0.40261756053821,0.779608286794733,1.35586790332291,1.21661251827078,-0.623662968535466,0.232117501113359
GTEX-1IL2U,2.37443351120057,-0.290349486714759,-0.594919280257236,0.0384656191377589,-0.549809235665972,0.430408575947173
GTEX-1J8EW,3.84256323536713,-0.4359929958965,0.529177111817436,-0.172265219980705,0.929613756114998,-0.193509613003279
GTEX-1J8Q3,-1.48327205212661,-0.761587775136464,-1.2136568472476,0.775751317704476,-0.460364033761483,0.185692578880081
GTEX-1JK1U,-1.19042536207688,-1.3462992694763,-0.406403359366951,-0.232291622998885,-0.232112173461978,0.0679987708357664
GTEX-1JKYN,-1.47681896904744,-0.795466303091464,-1.08569734275244,0.659413914260628,-0.494688558180573,0.196702112929715
GTEX-1JKYR,-0.941066467694169,-1.65352647072866,-1.02210202152422,-0.0380444086015076,0.446056575628647,-0.201570057722528
GTEX-1JMPZ,4.04424792348866,-1.02495445474684,0.209217628026833,-1.42314646368668,-1.14547177399787,-0.860880146115945
GTEX-1K2DA,-1.0653140618991,-1.25804620597228,0.238458644052084,-0.503273815359282,-0.367476547341638,0.112746287922647
GTEX-1K2DU,0.280882369938361,0.285461625463361,1.42298148362292,0.968051227850454,0.39133723669785,-0.189994796474341
GTEX-1K9T9,0.098667923424889,-0.545635259548799,1.11555161677528,0.210232682777595,0.548007764208474,-0.262583014382987
GTEX-1KANA,-1.13806503888913,-1.34168877167701,-0.0192793025194382,-0.456373377722315,-0.327468279442886,0.099737478551857
GTEX-1KXAM,-0.953255517585314,-0.390853178979347,0.166670985381028,0.508089093772467,-0.468107555727771,0.170132857365126
GTEX-1L5NE,-0.761983073304594,-1.04972430670798,1.12156139569058,-0.721401708521017,-0.409597281017687,0.117379822225449
GTEX-1LG7Z,-0.835635357764314,-0.597974844875887,0.253225463639386,0.287782335089741,-0.285943956908648,0.090938339726813
GTEX-1LGRB,-1.33154112916673,-0.886756184254668,-0.861072730768053,0.48351438029473,-0.371215521467866,0.140853483783508
GTEX-1LSNM,-0.96861924660454,-0.439373759116705,-0.498299048910908,0.884679665232369,-0.194742156265399,0.0704029195859897
GTEX-1LVAN,-0.41194957768077,-0.749445218582658,0.14555707798102,0.394264430239354,0.356345057067146,-0.170604328891755
GTEX-1M5QR,0.154943436313136,-0.367117154474154,1.51895523155315,0.160351706205783,0.395602802214026,-0.204922829628919
GTEX-1MGNQ,-0.443198421963354,0.398743921193548,0.398248381751941,1.42310539906448,-0.154982584509954,0.0525805415703826
GTEX-1MUQO,-0.197460636103905,-0.488850769008821,0.787836994656654,0.347603202798111,0.28307469216156,-0.148005837863622
GTEX-1N2DV,-0.317248746674468,0.491400442142936,1.04336077852842,1.15698100706151,-0.290765769734026,0.0975707937943814
GTEX-1N2EF,3.22516565359615,-0.829535880594244,-0.0141864070135268,-0.9827537013028,-0.847104171579962,-0.221730139402492
GTEX-1NSGN,0.0450389139003698,0.276896330322234,0.810210509900416,1.2508259778336,0.344429358351344,-0.159904782988166
GTEX-1NUQO,0.272240471476772,-1.15302851044929,1.94667860617515,-0.892330682625606,0.618914414005367,-0.317207923462922
GTEX-1O97I,4.71439815995245,0.461672120389452,0.583323768613649,0.672811716906103,0.422619988107948,-0.725672106656573
GTEX-1OFPY,-1.09264158258215,-0.920327709892149,-0.120412426326135,0.074188705199666,-0.360378509264006,0.122338715909984
GTEX-1OKEX,-0.0351895169599534,-0.235541860239942,1.70625000730483,0.0886457914716667,0.0290688766703144,-0.0571753929061031
GTEX-1PBJI,3.63359749955999,0.394794589450797,0.367540178604137,1.17801167369596,1.79080085270109,0.227076101035187
GTEX-1PFEY,-0.48063915443408,-0.626236794410085,-0.756239067839399,1.08182552410012,0.604921858543106,-0.252930998967017
GTEX-1PPH8,0.451019805147002,-0.444028419020069,1.97740840625624,-0.0837013211311691,0.612244499418917,-0.302627725069591
GTEX-1PWST,4.56677255838865,0.381890900594566,-0.562794520065118,0.803408476260395,-0.593211262376069,-1.04640284420673
GTEX-1QAET,0.309291059872083,0.855000048184913,1.73830512973179,1.37444455482085,0.115231692084944,-0.0736311004606588
GTEX-1QEPI,3.40547885567297,0.321538275358506,-0.471072653320271,0.610662141888027,-0.788673149248337,-0.21693336421892
GTEX-1QP28,0.784007829866984,-0.665241986609639,1.08645860546555,0.419621572521453,1.4864469632628,-0.645277176487297
GTEX-1QP29,-0.0150657062779705,-1.11014638942667,0.288559011091362,0.1042788600338,0.925718045683696,-0.410779916075189
GTEX-1QP2A,-0.138147330702858,-1.27057294834668,0.830534354223868,-0.475702414586629,0.590778335267669,-0.287460809359027
GTEX-1QPFJ,-0.968720820924616,-1.616681906781,-1.01241801553586,-0.0183581045683197,0.394448383726946,-0.180141191992018
GTEX-1QW4Y,0.0612575134783094,-0.627120943650608,1.11571110489614,0.107101624190448,0.52537641814815,-0.25482353507832
GTEX-1R46S,3.80482110195998,-0.44238826434405,-1.5389133179183,0.222421940523424,-0.910681669959359,-0.914098155163791
GTEX-1R7EU,-0.983199356860984,-1.67424530952673,-0.882210551411802,-0.170752498914453,0.339590453335111,-0.161248799798379
GTEX-1R7EV,-0.784973789776918,-1.08559187587824,-0.469465037153302,0.270429292725218,0.236790139693801,-0.116713303479124
GTEX-1R9K5,-0.995214957213292,-1.58195802216543,-1.26861771962913,0.173462615647097,0.4561120656709,-0.199897413839222
GTEX-1RAZA,-0.449871911251827,-0.10386832137024,-0.0479485839048018,1.18274473019346,0.182685755370898,-0.085222254305901
GTEX-1RAZQ,-0.0172917392594483,-1.52368052879361,0.115586906942505,-0.21890554394783,1.12665330970078,-0.496478565744997
GTEX-1S82P,-0.88242741084066,-1.21478024642579,-0.328152541848116,-0.00289990534941565,0.0925365998641627,-0.0629734393493675
GTEX-1S831,-1.15951894307771,-0.665748004569379,-0.478818592323066,0.545593346039527,-0.378286375986873,0.140620437470681
GTEX-1S83E,0.0972798844937455,-0.524173834843257,1.11797022570119,0.230599021526303,0.538371219921478,-0.258337160754196
GTEX-N7MT,3.96900386622168,3.32415475093897,0.5406419857791,-0.253759670356483,-1.57743188474498,-0.873613194924786
GTEX-NFK9,0.912197167025677,2.82519753551586,-0.65992826907328,0.461931256341566,0.436181578590669,1.33305129188299
GTEX-NPJ8,2.08415784341517,2.50506301224225,-3.77235001056391,0.834148089017816,-1.95764346439961,-0.654803412471791
GTEX-O5YT,-1.26803605061335,-0.0313109686179723,0.157403237824303,-2.40933185236185,0.200937466364266,-0.353487951922162
GTEX-OHPL,-0.729632295650331,2.88352597274183,0.194062214974611,0.88301114292854,-0.0438085572869036,-0.20364634262195
GTEX-OHPM,-0.922713250190116,2.8195758778204,-0.0353956251649953,0.87662175431631,-0.177834624052374,-0.146145727608033
GTEX-OIZF,-1.31576292370543,0.197893148592919,0.0577254306525192,-2.12495083596742,0.107817878618925,-0.30982999662232
GTEX-OIZI,1.18779076562849,0.189942877779157,0.878017351910306,-3.1899824010059,0.989059704557256,1.03421749609304
GTEX-OOBJ,-0.579492802623804,2.57611785458823,0.794457858073115,0.236217173329791,-0.00229354689943627,-0.23686084296478
GTEX-OOBK,-0.533006997696443,1.22660014787685,1.18214460755327,-1.41616074129331,0.32525817686323,-0.400632833252177
GTEX-OXRK,0.922873449831106,0.274430676117018,0.944331744538238,-3.26666222780304,0.591129185050667,1.19609949902995
GTEX-P4PP,-1.29048899000295,1.4451209753766,-0.355748652861274,-0.53025947975906,-0.0834158316697127,-0.202743595528565
GTEX-P4PQ,-0.73189644988814,2.19938624083869,0.392564582833133,0.0321324618846985,0.0879463097750288,-0.272777230645557
GTEX-P4QS,-0.884308035529045,0.61845391931737,1.0664065510853,-2.14267555168799,0.111767669422248,-0.322478540233029
GTEX-PLZ6,-0.849761447851274,1.93629192355397,0.127018989562615,-0.125553341030654,0.1298314619926,-0.289552457183239
GTEX-PSDG,1.39931982203836,2.2634776088437,0.239775102141757,-0.492705746406997,0.870283178861686,1.13047075810276
GTEX-PW2O,-0.353431498176573,2.53467306056536,1.13902140772127,0.0716431146440184,0.159909165668877,-0.309754848699716
GTEX-PX3G,-1.25143215424965,0.278384359313576,-0.213845561983087,-1.83299886713801,0.279058977609406,-0.373005638952001
GTEX-Q2AH,-1.07060279995316,1.87097821611626,-0.229206991775984,-0.0633088970416481,0.0132275064468842,-0.236836537755
GTEX-Q2AI,-1.33359534020132,0.710075114469706,-0.286032723934045,-1.36936487421846,0.0654095482479523,-0.277348269540205
GTEX-Q734,-1.67948620141336,1.62202336198088,-1.44756088741383,0.190236413222203,-0.187660565957218,-0.137367610172743
GTEX-QCQG,-1.02363767934442,1.59122262812841,-0.399764476695543,-0.224570717193856,0.234352344803729,-0.328433026921307
GTEX-QDVJ,0.707904433288338,0.2755595964045,-0.73373639329758,-2.26757536463127,1.01330249625138,1.05530456503009
GTEX-QDVN,-1.13350498415813,1.17640158842409,-0.283880467152047,-0.787631355504313,0.175496289812389,-0.313919923549694
GTEX-QEL4,2.64466935633915,2.2260423137159,-1.42486230371798,-0.268996853832207,-0.794519147733094,-0.42212209384125
GTEX-QESD,-0.38491239304372,2.53362066355087,0.880387943829319,0.225099352953299,0.227507302780508,-0.332504133481119
GTEX-QLQ7,-1.20388333846102,0.795110254507386,0.0920843435250749,-1.46721680849017,0.0484849770387084,-0.275888203705544
GTEX-QLQW,-1.05435886667646,1.91659208828906,0.0371527838630769,-0.181946804704821,-0.0915220644531954,-0.198358640423808
GTEX-QMRM,-1.33447426068642,1.45506274106719,-0.610561623203923,-0.373499908539474,-0.0371176268737433,-0.21671932290627
GTEX-QV31,-0.635609700370371,1.86857550157947,0.869731883178978,-0.583578428874784,0.118598132172364,-0.299740022918302
GTEX-QV44,-1.36871217326053,1.55385244384344,-0.726042922748636,-0.209823161777601,-0.0646660556599685,-0.201690034890927
GTEX-R53T,-1.55175872134167,1.61106399715189,-1.2111789488058,0.0830991078169252,-0.117399870177953,-0.17041120405451
GTEX-R55D,1.13883998206018,1.97901446433543,0.136051937134396,-0.844489894564788,0.66651584551568,1.2101326445783
GTEX-R55G,-1.61733093907728,0.99761839533473,-1.12456305914267,-0.649438201716374,-0.0434344785078954,-0.212789321275436
GTEX-RM2N,-0.77563982914364,1.93950844262556,0.641952633069105,-0.424620491572426,0.00972016289920798,-0.250118243506832
GTEX-RWS6,-1.11589040821815,1.29835650574061,-0.408429359576205,-0.569717360920434,0.211571039320553,-0.324158114637415
GTEX-S32W,-0.986515599628137,1.21184786600682,-0.577983680174542,-0.490214540443175,0.477610854799541,-0.43062559829048
GTEX-S33H,1.69041195526931,1.65738871100846,-0.499574107186516,-1.44616487758257,-0.908244736103108,0.350017298090878
GTEX-S3XE,-1.41019191992904,0.374849245646287,-0.302298721883095,-1.74690094841243,0.0795702708810191,-0.288680602237543
GTEX-S4P3,-0.843212681989013,1.91318463264704,0.123308541819271,-0.144425916919678,0.147219899516737,-0.296951856323787
GTEX-S95S,-0.445668112663462,1.71545773324911,0.94577701190429,-0.706802169250315,0.381706133829622,-0.410669593260753
GTEX-SE5C,-0.857826684906598,1.57628977186498,0.358731177832915,-0.659666872681924,0.137081663032022,-0.30304089276734
GTEX-SNOS,-0.976678311573955,1.86525318448487,-0.117620349252935,-0.0989462533011812,0.09015564445197,-0.270217364736316
GTEX-SUCS,-1.10283841258435,1.69413493905967,-0.637707788047825,0.00276065263697188,0.198386383113454,-0.307676616119116
GTEX-T5JW,-1.69247193596796,1.15265997591437,-1.75638945710195,-0.107852247612683,0.0738537945816551,-0.246167401926759
GTEX-T8EM,0.612649989155577,1.64617682914047,-0.975958425613918,-0.710597604908873,0.555053038468636,1.26987051660517
GTEX-TKQ2,-0.894189576847259,0.992355442828295,0.3091508942542,-1.25862165917068,0.29642265035216,-0.377088078077276
GTEX-TML8,-0.766935900089388,1.82229716007285,0.628497575846351,-0.53517194412435,0.0639084358477716,-0.273935345599524
GTEX-TMMY,0.867236771423188,1.96609055886869,-0.734741667959222,-0.414112548536235,0.682456986800456,1.21933300182046
GTEX-U4B1,-1.55937202041695,1.80383029621584,-1.72135910821751,0.616020710230401,0.024580131998364,-0.215377143250961
GTEX-U8XE,2.89813190633914,1.24560957976778,-1.2877112954362,-1.74023311974493,-1.54020213883602,-0.891794400346252
GTEX-UJHI,-1.26852225853262,1.37155774399165,-0.898647416254568,-0.242608375061673,0.195293228594009,-0.307311968105637
GTEX-UJMC,-0.928401774661834,1.61018418512307,-0.0206115443645104,-0.408551408801744,0.193330587828719,-0.318363908802065
GTEX-V1D1,-0.426841129086782,1.85541874523949,0.424605856814031,-0.21007125116777,0.579344132025463,-0.47896515300488
GTEX-V955,-0.603525668161561,2.44920361730504,0.919922999278535,0.00952271535009684,-0.0454919726281233,-0.223833209070979
GTEX-VJYA,-0.343095593814969,1.85031040300521,1.20203332979199,-0.685074071755305,0.364676926989698,-0.406068227317205
GTEX-VUSG,0.072844265467202,0.880370277753869,-0.800548547033788,-1.88038465026218,0.0257538509046484,1.4682029837612
GTEX-W5WG,-1.21828230410979,1.58820147729192,-1.02100736164942,0.0885894951899935,0.242616438151944,-0.320498073306218
GTEX-WFG7,-1.09344526566938,0.808348184265408,0.334635210832582,-1.5608979639045,0.0860628544917597,-0.295346674991806
GTEX-WFG8,-1.10722293653276,1.06526135088064,-0.300585057433477,-0.881557018583632,0.251893214111347,-0.346590824334864
GTEX-WFJO,-0.960430289346451,1.20235919208443,-0.0537870733341446,-0.830876516960174,0.295413313463111,-0.366368249505465
GTEX-WFON,-1.47272211561098,0.126512733357656,-0.976633785921658,-1.59625879816001,0.359281170124444,-0.394320447137856
GTEX-WH7G,-0.662628687485481,1.43229737438131,0.301814515502302,-0.683932022642947,0.459654519869648,-0.435532941811731
GTEX-WHPG,-0.881925809632208,1.83649467088298,-0.27390541279829,0.0166865469195781,0.287408236177326,-0.347977951086882
GTEX-WHSB,-1.00104632625943,1.13415768925516,-0.317037663466013,-0.749291442105744,0.374461549565684,-0.394860925018147
GTEX-WHWD,-1.2089952005808,0.820973637810587,-0.833220874954548,-0.837402977631574,0.420250564254589,-0.409523186219625
GTEX-WI4N,1.70813452257696,1.17185318524782,0.33003095237176,-1.55814208800299,1.58006401449185,0.82141761969454
GTEX-WQUQ,1.03356967186463,1.99565835088776,-0.635527174277272,-0.371102246011799,0.847172701846087,1.15114381791203
GTEX-WRHK,-0.981436105926413,0.361592745823112,0.266094397950291,-1.93460893240886,0.401986409337111,-0.430235005481498
GTEX-WXYG,-1.71096966193391,0.450343311254286,-1.55612476545665,-0.986505377116224,0.189614967478985,-0.309153692775189
GTEX-WY7C,-1.50578650298059,0.990654243302672,-1.41508660168862,-0.415354905063994,0.224736950754289,-0.316518722534292
GTEX-WYJK,0.127557636155635,0.024517267512463,-4.08190871593226,-0.610613334722145,1.73996044327409,0.8169244635724
GTEX-WYVS,-1.07673161613833,1.03510302249164,-0.575651986788582,-0.71939330571975,0.415935657169878,-0.408719307368851
GTEX-X15G,-0.8902660686551,1.78310455947144,-0.277340746026738,-0.0411091364162395,0.295017936722651,-0.351941954569554
GTEX-X3Y1,-0.692876452564474,1.34735785909552,0.830907352794132,-1.1332021882326,0.226402023936709,-0.351953113512271
GTEX-X4LF,-1.06911831800873,0.685569631650812,0.582632537621313,-1.84103352328508,0.0530283033906787,-0.28861187544787
GTEX-X5EB,-1.23835277996886,1.34792355238009,-0.9075802421706,-0.247721278022599,0.245644986462473,-0.328012628424792
GTEX-XBED,-1.45250913899707,0.364115615263809,-0.426803752580417,-1.69632596355605,0.0801610652473469,-0.286835230373806
GTEX-XBEW,1.0012500208256,2.42079460305501,-0.719270711809334,0.116189134312979,0.705036653342462,1.21785356615498
GTEX-XGQ4,-1.40761999329917,1.30294365930224,-1.0076711126036,-0.307733881798007,0.0823951111222847,-0.260673017496273
GTEX-XMK1,-0.956289321659156,1.78956353216138,0.00316865311297071,-0.248171008165654,0.0901891837367425,-0.273763893830659
GTEX-XPVG,-1.40232213644504,1.57858387958925,-0.716248870954319,-0.205706100723131,-0.120185742353194,-0.178887010897266
GTEX-XQ8I,0.951147958447325,1.6202527429889,-0.654477325382444,-0.79186060246933,0.867686690991243,1.13657568714337
GTEX-XUW1,0.42239064951448,1.2540779614519,-1.63650031561861,-0.779224221202113,0.709188943135413,1.21245763483758
GTEX-XV7Q,-2.15696397534835,-0.0773899471856338,-2.17405271625046,-1.34375775013627,0.0376460837009869,-0.245404846924945
GTEX-XXEK,-0.917596917113086,1.81137961509371,-0.135861591121163,-0.116458759759165,0.191487377205518,-0.311982788080303
GTEX-XYKS,-1.26299287085342,1.50670855273594,-1.0192506184507,-0.0189621473887772,0.209858640114305,-0.3086552342211
GTEX-Y114,-1.38767756958692,0.551291518508613,-0.422551055200519,-1.47218711239919,0.102867391019097,-0.292852426168086
GTEX-Y3I4,-1.4723169984397,0.222426188833731,-0.569140143667659,-1.76153674338739,0.159033434962486,-0.318753067412273
GTEX-Y3IK,-1.21128416875789,0.47693370809522,0.327772523768924,-1.95960182073757,0.0416300183289001,-0.282987295706569
GTEX-Y5LM,-1.32564356325772,1.58770060558701,-0.599424699385819,-0.237104986753333,-0.0725188355731176,-0.200219367394566
GTEX-Y8E4,0.697427791625533,-0.968132365879076,-0.740394128073624,-0.42040039606901,0.210615134037782,1.6179885308206
GTEX-Y8LW,-0.766205130794211,0.0186206130776342,-0.23205570757959,1.28605692990913,-0.189337772620652,0.0713773373682202
GTEX-Y9LG,-1.0538227907224,-0.218070373260167,-0.0597103698020779,0.791540270317137,-0.558822794402838,0.214138647426215
GTEX-YB5E,-0.457847219308007,-0.0560801834437203,1.15289962948736,0.444263694990042,-0.344599971957939,0.107834020995646
GTEX-YB5K,-0.217272965558112,0.508559775761463,1.02316742300701,1.23437772133552,-0.158213174994189,0.0444068753597332
GTEX-YEC3,-0.558746694878652,0.252556911413918,0.276425913319289,1.29556922698463,-0.207335279155508,0.0735036465406667
GTEX-YEC4,-0.111753728269621,0.253624007817149,1.77121114971057,0.525690278384786,-0.252911542450069,0.064736664101659
GTEX-YF7O,-0.634796558446175,-1.00533647842226,1.23080518365153,-0.687414687742118,-0.304522153129013,0.0734891881423864
GTEX-YFCO,-1.28284003386722,-1.41958458438785,-0.393395656847555,-0.360573831850947,-0.334008793617272,0.107859416821028
GTEX-ZAB4,3.03548749338333,-1.25409971046492,-1.31778430431672,-1.13148744928471,-1.74196086213887,-0.594762431696706
GTEX-ZAB5,-0.682351126127408,-0.811509137494893,0.729472525507348,-0.177591847193213,-0.218342339664035,0.0510424115226979
GTEX-ZAK1,3.28509293058214,0.414105613510533,0.336840804276208,0.59096081893816,0.017045402519467,0.195530399577157
GTEX-ZC5H,-0.201438379939231,-1.02385627325972,1.93038261988129,-0.964304956850786,-0.0292792648080043,-0.051394542880214
GTEX-ZDTT,-1.09848910420199,-1.32687013980512,0.238938699306134,-0.59133355192094,-0.388780363022818,0.120182790801416
GTEX-ZDYS,0.751981397370268,-1.1005544507431,0.561719577283476,-1.38590398069685,-0.220615442769311,1.7670247593874
GTEX-ZEX8,-1.16994682233237,-0.270072342003421,-0.43754674215823,0.930246291261125,-0.534912856299368,0.210415735339488
GTEX-ZF29,-0.828537309142785,-0.216354911306608,0.421986333330015,0.582378562467507,-0.468653160712772,0.168752119981836
GTEX-ZF3C,1.61612174164049,-0.886879314170111,0.924460245189208,-0.999403384077213,0.679820308528867,1.39845401652768
GTEX-ZG7Y,-0.0277281793678355,0.40606878599221,2.03326080626159,0.553587825334609,-0.301995350599589,0.0825590499350346
GTEX-ZLFU,-0.842433811895385,0.681375632454132,-0.0173524294726829,1.8080592052742,-0.588669525623768,0.241258820390136
GTEX-ZLWG,-0.885900505295849,0.26960751419248,0.217008029620142,1.20139447545256,-0.611940873208109,0.239210006176476
GTEX-ZP4G,-0.464295311670446,0.285196413421207,0.922519152064701,0.95110069913484,-0.365259902749583,0.126415871917671
GTEX-ZPCL,-1.27433821298849,-1.15518317382544,-0.236492589301833,-0.180949641016727,-0.472656176450148,0.16593945476381
GTEX-ZPIC,-0.726203354892997,0.340993671034202,0.321795770353489,1.28171271338924,-0.471456769889024,0.18149352563157
GTEX-ZPU1,-1.60205908254791,-0.857698127269829,-1.32983589485311,0.695736602704943,-0.535201998410026,0.216522675650875
GTEX-ZT9W,-1.14034069691214,-0.604722031337792,-0.211582439932956,0.443957739627326,-0.484501786592395,0.179947907781787
GTEX-ZTPG,-1.46503950728483,-1.17172017089336,-1.6561928074759,0.641825040330907,-0.121364280135969,0.0489038611028291
GTEX-ZV7C,-1.55457448194457,-0.38649057394988,-1.55921878854262,1.36356105336014,-0.527711055952564,0.225931773996083
GTEX-ZVP2,-0.914154668093024,0.0363197998869241,-0.0652158418829001,1.12733554085346,-0.456428499826188,0.177114604339151
GTEX-ZVT2,-0.476065693765521,0.260340485559785,1.18806714414038,0.745896817769694,-0.483561396093701,0.169176726615874
GTEX-ZVZP,-0.900145847465342,0.0695093283560961,0.33311930225508,0.908305984503521,-0.615265591409669,0.234931249129219
GTEX-ZYFG,-0.834600247200869,-1.00875713460531,1.00878338987137,-0.638060781418874,-0.469623005823438,0.144535810742808
GTEX-ZYT6,2.33871539998447,-1.89372125042854,-3.0249932062835,0.389812679628303,2.25805267194755,0.059131006943361
GTEX-ZYW4,3.56456583401486,-0.0614118772457187,-0.278210524505984,0.154928882163438,-0.541252567183831,-0.3276551141135
GTEX-ZYY3,3.21899800393489,-0.7331512451525,-0.908489274159427,-0.766099484138284,-1.84085356435418,-0.552938148165531
GTEX-ZZPU,-0.559090163463714,-1.12523294767727,1.20241902111027,-0.760111863594917,-0.156402442300021,0.0117492986198196
