ENSG,Tissue,Cohens_D,Wilcoxon_p,PearsonR_AGE,Pearson_p_AGE,PearsonR_BMI,Pearson_p_BMI
ENSG00000004776,Kidney,-0.117811829835789,0.594240153257534,-0.0344272972910094,0.754434789726666,0.0611971461703675,0.577952607974851
ENSG00000005001,Breast,0.826132155596519,2.3184219761185e-13,-0.00752663029835251,0.87251668458231,-0.033675420581348,0.472676888583305
ENSG00000006062,Kidney,0.0384156582653546,0.903446856544713,0.0659485459167694,0.548728570243679,-0.0406974239713139,0.71152446595507
ENSG00000006555,Breast,1.11263753587742,3.45110063336213e-24,-0.023612484053637,0.614637358584238,-0.0184621424858135,0.69385556560307
ENSG00000007312,Intestine,0.240987508207178,0.105859175042968,-0.186447745143365,0.0108327069295902,-0.149199329800447,0.0421050108626422
ENSG00000008196,Breast,0.539943621242489,4.16152546018178e-07,0.0114174660769773,0.807682351244057,-0.0278229621658244,0.552998512957789
ENSG00000009335,Uterus,NA,NA,-0.0354234088614795,0.676666473789782,-0.0852153310018146,0.315042519707023
ENSG00000009790,Intestine,0.141029803805753,0.323507796426314,-0.198293497344658,0.00666516119859557,-0.132123474788528,0.0722299847988245
ENSG00000010438,Vagina,NA,NA,-0.235053597118788,0.0033419284183232,0.0497096528368223,0.540383415652747
ENSG00000012124,Intestine,0.272693925357138,0.0748088762844047,-0.177846465799155,0.0151595998407056,-0.130591847389134,0.0756266469069717
ENSG00000016391,Breast,0.650602597451814,5.98992066535605e-09,-0.0222501272318401,0.635207943977154,-0.00630763393316029,0.893027878701686
ENSG00000016402,Breast,0.514214049675627,9.5415414204522e-07,0.00476591034619854,0.919070149288036,-0.0102906696331526,0.826344140872978
ENSG00000022976,Kidney,0.088760076603401,0.444408732554365,-0.0442328936772125,0.68770917749973,-0.0442928507106866,0.687307833202011
ENSG00000026751,Colon,-0.0815870637102606,0.353332100564637,-0.110250902117087,0.02669776191637,-0.08059996481853,0.105737541431721
ENSG00000033050,Kidney,0.157327298063896,0.579716617547637,0.0896827634277774,0.414363792704905,0.00111327228226245,0.991932013676106
ENSG00000035720,Intestine,0.198376807434564,0.181475488741782,-0.162826140627169,0.0263833296469226,-0.126610034719426,0.0850646329981061
ENSG00000039068,Breast,0.848127727882282,1.39536695732154e-12,-0.014730147577465,0.753483646099447,-0.0205270883555999,0.661630332416692
ENSG00000043039,Breast,1.02464360776259,9.80592850749271e-21,0.00699587724975412,0.881437626805156,-0.0219879904734626,0.639199076752558
ENSG00000052344,Breast,1.25660002644133,3.72399136400898e-29,-0.0163516034494848,0.727372102684187,-0.0338370343533514,0.470553481910439
ENSG00000060558,Brain,-0.048220147789297,0.858411374461274,0.0803674054493346,0.213807827137069,-0.0690270859732757,0.285840564653939
ENSG00000062038,Breast,1.51451236718747,7.19273202687875e-37,0.00483304408627743,0.917934139643114,-0.0246573104041862,0.599062309064647
ENSG00000062282,Vagina,NA,NA,-0.0448067882206502,0.581095923571928,0.0274950890089206,0.734994586168241
ENSG00000065618,Breast,1.23032386590822,8.60447169911456e-29,0.00180447914249466,0.969313154478094,0.000550663589361334,0.990633365896929
ENSG00000065621,Breast,0.849297455135745,2.05328836814203e-15,-0.0357341077251954,0.446024623290304,-0.0135305395208492,0.772986271018914
ENSG00000067606,Breast,0.899600912896567,6.92527210890925e-17,-0.0557604724840672,0.234170637918151,-0.0208620299392907,0.656459755307829
ENSG00000069424,Kidney,0.0471617777659609,0.812391248500494,-0.0817300295703168,0.457117209761236,-0.157142220307226,0.15092591919107
ENSG00000070190,Intestine,0.194041558537908,0.239054273533974,-0.175300660108,0.0167008882848521,-0.138355397807042,0.0596647138185485
ENSG00000073282,Breast,1.45973373032784,1.07405072781635e-34,0.00227694297526957,0.961284103307867,-0.0116082067731918,0.804533797077401
ENSG00000076826,Breast,0.669567354255609,2.61629946697305e-09,-0.0188231588671693,0.688179601204399,-0.013820967251092,0.768250992553951
ENSG00000076864,Breast,0.592358338963012,9.73454666775012e-09,-0.0246084241651122,0.599787059129251,-0.0169267633846685,0.718183376750319
ENSG00000076984,Salivary,0.0247551116249131,0.822017712892224,0.103191331706855,0.192701346669823,-0.00390831851253229,0.960756099425041
ENSG00000078804,Uterus,NA,NA,-0.361361130274509,1.07044581674566e-05,0.0845886384337639,0.318627624967364
ENSG00000079263,Intestine,0.208798597357709,0.182404253229455,-0.180280316526567,0.0138037560261812,-0.122272713996076,0.0963965147803611
ENSG00000083307,Breast,0.856110093074774,2.61162627123455e-14,-0.0145911670411488,0.755735374758236,-0.0155419778655899,0.740372855512914
ENSG00000083454,Intestine,0.27881230989873,0.0734305464767563,-0.16686819965859,0.022820781572189,-0.138096820054516,0.060147707334156
ENSG00000083457,Vagina,NA,NA,-0.0667809124987657,0.410566846077477,0.0801674171791269,0.322987207082787
ENSG00000085514,Kidney,0.192914955910274,0.431945568916515,-0.0590432224197507,0.591433146773302,-0.00577283292419904,0.958181865233224
ENSG00000085552,Breast,0.734169574735438,4.60232335100188e-12,-0.0521776399401382,0.265650838123367,-0.0138057399214107,0.768499054232413
ENSG00000085760,Uterus,NA,NA,-0.269518834579757,0.00122973490229863,-0.227336497701264,0.00670737738439992
ENSG00000087157,Kidney,0.0978042083171865,0.89509753228834,0.0275461396369444,0.802393969685422,0.0075995837726303,0.944967109808373
ENSG00000087510,Breast,1.2929765057188,1.04256379285382e-30,0.00272074678486425,0.95374564876297,-0.00512714384193292,0.912959502380702
ENSG00000089234,Vagina,NA,NA,-0.094211141969123,0.245157840006352,-0.0230437154840784,0.776661137995118
ENSG00000089356,Breast,0.934410659002415,7.60365820689708e-17,-0.0289728966005176,0.536705048832638,-0.0279866777159295,0.550664140083088
ENSG00000090534,Kidney,0.432409023983481,0.11972934398395,-0.106152928068949,0.33358082358403,-0.0851316127187196,0.438539801416778
ENSG00000091704,Brain,0.196853784117832,0.169260664038897,0.0682349661077358,0.29141880330466,0.0409961179998525,0.526480069246095
ENSG00000094755,Breast,1.50321158503155,1.15001618236419e-36,0.0149567713846018,0.74981642821868,-0.00375357015526785,0.93621921037653
ENSG00000095932,Liver,0.10796537109422,0.489422817151862,0.136535169196551,0.0407354524819108,-0.00775117491904923,0.90795230742213
ENSG00000096006,Vagina,NA,NA,-0.0913201122526363,0.26000679132299,0.113944278860385,0.15940429911585
ENSG00000099958,Colon,-0.0470333711637822,0.634831643453504,-0.125048453882005,0.0118851474400866,-0.0834721827108876,0.0938368198617412
ENSG00000100121,Testis,NA,NA,-0.0385926996724271,0.465408285573082,0.114105104764474,0.0304231668470529
ENSG00000100266,Kidney,0.202948619794598,0.551179978186226,0.00682796994870709,0.950547374858347,0.0167757121200598,0.878883204969141
ENSG00000100321,Intestine,0.137211270212868,0.356515976373069,-0.0654874748514944,0.374506880526524,-0.0590851060087368,0.423084553068164
ENSG00000100427,Testis,NA,NA,-0.00836835642275424,0.874276373945698,0.0105121176379762,0.842446383740027
ENSG00000101443,Breast,0.971880645719898,1.4150613983829e-17,0.00346554203840424,0.941104155786634,-0.0397027470962091,0.397130443056036
ENSG00000101883,Brain,0.229386818689943,0.951486218305131,-0.0841584107601184,0.19291357067167,-0.0364210254427912,0.573670884449905
ENSG00000102100,Kidney,-0.0206625074193186,0.870122825733685,0.0875272286460536,0.425716269851621,0.0382351461074227,0.728277081718573
ENSG00000102890,Breast,0.675106100201737,3.19273378894213e-10,-0.0488565378150145,0.297321008892932,-0.00494629388685226,0.916018152499457
ENSG00000103067,Breast,0.606671588500479,1.11200598677351e-07,-0.0399994811270728,0.393608914173091,-0.0311633873206709,0.506348565316288
ENSG00000103449,Colon,-0.0310792359556737,0.679713571715798,-0.151988180504364,0.00218929415436241,-0.0327209696818509,0.511939194865626
ENSG00000103490,Ovary,NA,NA,-0.123699293126366,0.0999592010857353,-0.189759543062712,0.0111818069890875
ENSG00000104140,Breast,1.19036152681533,2.16354371991865e-26,-0.00176909591010468,0.969914592085988,-0.00210344647889922,0.964232091455128
ENSG00000104321,Colon,0.0655507585678339,0.622241949450519,-0.139553101378333,0.00495331352924498,-0.0350340201105054,0.482548950700677
ENSG00000104413,Breast,0.872914492422703,7.83823348907298e-15,-0.0261891327931083,0.576556099304356,-0.010259991617907,0.826853645274493
ENSG00000104447,Breast,0.554250242594274,5.61609933370824e-07,-0.00715300026343579,0.878795074814396,0.0188635330166158,0.687545911393513
ENSG00000104814,Intestine,0.186083729416053,0.260043649126832,-0.169027561355306,0.0210934150005321,-0.113340059765143,0.123487367799423
ENSG00000104892,Breast,1.06257354708077,1.84814950937051e-22,-0.00810043445849272,0.862890314669402,-0.011515345587052,0.806066264137646
ENSG00000104894,Intestine,0.190057020895868,0.234556988598628,-0.200953954681653,0.00595436635256626,-0.116613117938805,0.112947642792721
ENSG00000105058,Vagina,NA,NA,-0.250241804789753,0.00174762383988789,0.0449648325750551,0.579761676835264
ENSG00000105289,Breast,0.818389001411614,1.47481062752901e-13,-0.0202394965753536,0.666082842243417,-0.0068836696900185,0.883325581663122
ENSG00000105369,Colon,-0.0989958406727316,0.228943090048521,-0.154148764660358,0.0018877649014161,-0.0709334318469239,0.154701419584709
ENSG00000105662,Intestine,0.172719167022758,0.222499418480078,-0.164054367999682,0.0252535512963875,-0.0548339302940768,0.457267856323119
ENSG00000107485,Breast,0.710968863188028,2.09884619838482e-10,0.0170499845074139,0.716220022362941,0.00239311775600205,0.959310396907204
ENSG00000108244,Breast,0.994811578808518,9.64543861853506e-20,0.0284478668229122,0.544114279166075,0.00227916418572446,0.961246364657698
ENSG00000108375,Breast,0.795636408187889,1.32003008672529e-13,-0.0515497340443901,0.271453834879589,-0.00873648804440479,0.852243344987462
ENSG00000108839,Vagina,NA,NA,-0.0963282575484737,0.234664538601215,0.0834776235004901,0.303344486780828
ENSG00000108932,Vagina,NA,NA,-0.0929362242527974,0.251631841985693,0.0552280415509584,0.496316072108644
ENSG00000109270,Vagina,NA,NA,-0.0118979483885587,0.883564672379248,-0.0222230471100726,0.784416884243103
ENSG00000109618,Kidney,0.14693185814267,0.323991259793478,0.0512728602599388,0.641201197641348,-0.0268772279032445,0.807098434470497
ENSG00000110484,Breast,0.555363068513903,7.58355600112209e-07,0.0884355096166532,0.0588837433330145,-0.0341666224157262,0.466239412771388
ENSG00000110777,Colon,-0.104077842143134,0.219477300672789,-0.128997411324071,0.00944162234612082,-0.10433938554523,0.0360447030231867
ENSG00000111057,Breast,0.723489541894783,3.08944623941491e-09,-0.0291827562403652,0.533757718605819,-0.0307475825459309,0.512040901570501
ENSG00000111319,Breast,1.02224116130111,1.68407409801569e-20,0.0074436533892012,0.873910331951732,-0.010668950373688,0.820067658885822
ENSG00000111707,Uterus,NA,NA,-0.204621544047684,0.0149359514364807,0.0384505813766682,0.650780218161736
ENSG00000111846,Breast,0.849118893503016,4.74775620257036e-16,-0.0715444095774102,0.126707877051494,0.0170833738901962,0.715688330964097
ENSG00000112799,Intestine,0.215799814289917,0.150332593339917,-0.18056283271058,0.0136534694105559,-0.0813983310864914,0.269386979584952
ENSG00000112812,Breast,0.986775875923554,5.79381593418358e-20,-0.0137920515748912,0.768722065186491,-0.0270607636391603,0.563929712415316
ENSG00000113196,Colon,0.0289407714997918,0.789842774166582,0.0722206659048861,0.147334135480999,0.0281912216152057,0.572078431160273
ENSG00000113430,Breast,0.857591807708658,9.44797282616026e-16,-0.0291095361602376,0.534785116443256,-0.0137088606896731,0.77007782324522
ENSG00000113621,Kidney,0.0206810921501629,0.98737574296933,-0.0265232625158738,0.809590663638824,-0.0150121471026304,0.891533894772538
ENSG00000113645,Breast,0.964747685674829,3.62672343638289e-19,-0.0136687170331026,0.77073229347608,-0.022587229709441,0.630090929954575
ENSG00000114270,Breast,0.979946469583126,1.29889841415942e-19,-0.0300784214820389,0.521271041457551,-0.0123460659064751,0.79238412982353
ENSG00000115255,Kidney,0.0920963867676522,0.787938962948871,0.000974337030545581,0.992938862538524,-0.123226797546729,0.261198928264606
ENSG00000115310,Uterus,NA,NA,-0.213954052239236,0.0108491878328566,0.023633922270528,0.780875712287871
ENSG00000115339,Breast,0.843015295045541,3.33481376706243e-15,-0.0313992206358556,0.503134829641697,0.00838657376564856,0.858097405843092
ENSG00000115361,Vagina,NA,NA,0.119065740984525,0.141354438217941,0.0408496998382786,0.614956303324478
ENSG00000116299,Breast,0.773921916661006,3.2231454361903e-11,-0.0231016201534279,0.622316831445897,-0.0186515583504903,0.690875376454451
ENSG00000119411,Breast,0.713570118163742,4.99843703897375e-10,-0.0213843576475761,0.648429155151492,-0.0137042922990447,0.770152294430984
ENSG00000119888,Breast,1.18889522098716,1.87670745589442e-26,-0.0379351833145782,0.418496814159308,-0.0217401871866738,0.642981577521144
ENSG00000120526,Kidney,-0.0656775250874502,0.65392715097116,0.0855426806721163,0.436324025910131,0.00475700463003008,0.965535503432136
ENSG00000121075,Prostate,NA,NA,0.220270752486434,0.000572875501967209,0.0250107010789026,0.699265420795862
ENSG00000121289,Kidney,0.0776064200791807,0.544155276969048,2.82101663389639e-06,0.999979555491687,0.015708901022932,0.886532406847226
ENSG00000121680,Kidney,-0.0900885152950038,0.669221906153768,-0.0487281064812672,0.657865261992092,0.0523292834048364,0.634334515599574
ENSG00000122490,Vagina,NA,NA,-0.0760958332222249,0.348248727615702,-0.0504253494410973,0.5345607359246
ENSG00000124466,Breast,0.538414533766939,7.24688014549577e-07,-0.0312704638885348,0.504888084641499,0.0168755491265425,0.71899995037237
ENSG00000124664,Breast,0.422725688955194,0.000668601173757523,-0.00349597275675538,0.940587944452814,-0.0166802940883569,0.72211607514792
ENSG00000124839,Breast,0.612746235219806,7.74608960564861e-08,-0.0134313170527017,0.774605985883139,-0.0205564387359704,0.66117659512764
ENSG00000124935,Breast,0.705008132513864,1.02198363432117e-10,0.074309524918129,0.112648694652785,-0.0299027922955422,0.523707664590571
ENSG00000125731,Breast,1.01763177589163,3.81617447116895e-21,-0.017757142910847,0.704988935537419,-0.0101162360417092,0.829242120866349
ENSG00000125734,Uterus,NA,NA,-0.133654833065685,0.114099226426893,-0.193885174598799,0.0212411781265048
ENSG00000125850,Breast,0.692177189307415,3.20791392955377e-10,-0.0272242811601783,0.56157588039193,-0.0168503300546199,0.719402167481389
ENSG00000125910,Intestine,0.183005342243068,0.252909924470418,-0.190405185605335,0.00923759397106314,-0.146798423069152,0.0455637785278829
ENSG00000126460,Breast,0.616253944937467,4.12995018251677e-09,-0.038734107087755,0.40875704564268,0.0245463888286713,0.600707316702928
ENSG00000126882,Intestine,0.142161584014297,0.316604429491156,-0.220179106789934,0.00252986599414688,-0.124363196362511,0.0907936599623653
ENSG00000127585,Breast,0.743395551639202,1.24115007510956e-12,-0.0136867582684735,0.770438143372368,-0.0280528765945812,0.549721603633362
ENSG00000128422,Breast,1.07319739917246,2.55446916670032e-21,0.0413895358552202,0.377364694220417,-0.0207575269617856,0.658071249250891
ENSG00000129003,Vagina,NA,NA,0.0916407780243336,0.25833004198204,-0.00201512184132525,0.980211868681208
ENSG00000129250,Kidney,0.0398796579081567,0.845276997357505,-0.0292028745094326,0.790772702233377,0.0408045301350594,0.710798774046013
ENSG00000129353,Kidney,0.0253061385397504,0.861825365740004,-0.0828041330720196,0.451204696804352,0.0524272227812923,0.63369946674087
ENSG00000129354,Breast,0.713849377490583,1.88074279306342e-09,-0.0259961136091268,0.579370030045373,-0.0148410148474197,0.751688897803107
ENSG00000129514,Breast,0.344394663179237,0.00221573068837229,-0.000558800026408473,0.990494973849577,-0.0135864945537998,0.772073290860184
ENSG00000130147,Kidney,0.0987470691663485,0.92855529987836,0.0541006488219886,0.622890035901611,0.0942987526937714,0.390652816473515
ENSG00000130545,Breast,0.684604894938906,3.6627658575756e-10,-0.0319178092043578,0.496105898922694,-0.0246859940142618,0.598637252004017
ENSG00000130768,Breast,0.704400642993349,2.00082602942707e-11,-0.0623588845231506,0.183279450231334,0.00356909080439196,0.93934770893923
ENSG00000130956,Vagina,NA,NA,-0.00500644714291584,0.950863397145463,0.0307163338440082,0.705309264879723
ENSG00000131037,Breast,0.779117208950027,3.38387078911115e-12,-0.0152391826893064,0.745254344391539,-0.0125778849758884,0.78857717158234
ENSG00000131746,Breast,1.1709857694039,2.74123327299909e-26,0.0166144579036942,0.723167811383421,-0.0262632702599137,0.575476996247801
ENSG00000131941,Breast,0.718765946895317,3.82191247931271e-10,-0.0374417579257557,0.424579635430305,-0.0231406649279574,0.621728435232852
ENSG00000132465,Colon,-0.0747524144997138,0.298388472213105,-0.13304594356858,0.00741032807423194,-0.038697732565303,0.43792888610305
ENSG00000132698,Breast,0.919813502319842,3.21654673248712e-16,-0.0287972012886152,0.539178823809829,-0.0249961561243499,0.5940497535534
ENSG00000132849,Breast,0.885544691627146,2.10869877211671e-16,-0.0251502214315827,0.591777001311286,-0.00461513907473706,0.921622035678079
ENSG00000134028,Colon,-0.0161873700160175,0.657759391790247,-0.179747342462688,0.000281996152192307,-0.0495564409930557,0.32041938519853
ENSG00000134258,Breast,0.830755208282329,8.81493574581533e-13,0.0236284446318251,0.614398104968989,-0.016841984935843,0.719535280223424
ENSG00000134709,Breast,0.782998533367831,7.62503904842628e-13,-0.0306474709181899,0.513416375214279,-0.00726920321361946,0.876841594988718
ENSG00000134760,Vagina,NA,NA,-0.166934312507948,0.0385212054558729,0.102026962211811,0.207996323180408
ENSG00000134982,Salivary,0.271270033096142,0.126007860741632,0.151168868753555,0.05559620152766,-0.0691906087076622,0.383134469241986
ENSG00000135373,Breast,1.35964152561065,6.51938587768344e-33,-0.0111059416261255,0.812831342510018,-0.0163058550080422,0.728104678206845
ENSG00000136490,Intestine,0.191278033890983,0.234556988598628,-0.219341466072943,0.00262999678976571,-0.148081273057512,0.0436872611930492
ENSG00000136816,Kidney,0.124601646229494,0.509713307240503,0.0321444632441006,0.770252365950976,0.00207276078012891,0.984979132432001
ENSG00000137203,Breast,0.717071652937267,1.32977485202909e-09,-0.0140168795087574,0.765061590968947,-0.0189567517114923,0.686083639421704
ENSG00000137392,Ovary,NA,NA,-0.0270246946976793,0.720283735739245,0.0116717687985737,0.877113814844857
ENSG00000137392,Pituitary,0.091523661720943,0.387671488137611,0.0460990471216937,0.439827568257312,0.0231350407234558,0.698370576978044
ENSG00000137392,Salivary,0.223135921199999,0.606574311258444,0.014730864135628,0.852862471560636,-0.084833206221224,0.284639324329872
ENSG00000137392,Uterus,NA,NA,0.139114578286145,0.0999286714038353,-0.0117809836187453,0.889725958828134
ENSG00000137441,Testis,NA,NA,0.0155931861473638,0.768109311733187,-0.0538146842283015,0.308559722702684
ENSG00000137699,Breast,1.21148655599233,6.78916762236636e-28,0.0194110598514052,0.678973991756396,0.00948391163984525,0.839766490980863
ENSG00000137747,Breast,0.856533299056133,4.92371173435583e-16,-0.00293171116639519,0.950163610770257,-0.00248322902022906,0.957779657066283
ENSG00000138771,Breast,0.729878627836427,2.80837863440325e-10,-0.0265990406380434,0.570601659658497,-0.0197466018456915,0.673741137076744
ENSG00000140511,Salivary,-0.00683547380008908,0.983684355187177,0.119378263555962,0.131468320979342,-0.0525030820346712,0.508320563010054
ENSG00000140832,Breast,0.45860140754582,3.33562225451761e-06,-0.0255909395258094,0.585297664998073,0.00161500919482123,0.972533923842478
ENSG00000141527,Breast,0.495391166971449,4.30868121042737e-07,-0.0199645861130049,0.670350015313136,-0.00733806674774248,0.875684286790794
ENSG00000141646,Kidney,0.0810684224044097,0.787938962948871,0.00794186035277474,0.94249261861425,0.00755842699777818,0.945264688613585
ENSG00000141738,Breast,0.871508156555232,1.43663906906174e-15,-0.0148220317891332,0.751996105852085,-0.0178346692212134,0.703761499729662
ENSG00000141750,Breast,1.20822395902626,5.19020676991878e-28,0.0276597435862341,0.555330603283636,-0.0369073623022869,0.431225264431755
ENSG00000142235,Breast,0.912804950342306,1.70173897630979e-17,-0.0241235712263524,0.606996429363742,-0.00430230247086208,0.926919503362127
ENSG00000142273,Breast,0.699248138699793,2.39074417729108e-09,-0.0180605281083639,0.70018998028147,-0.021383792388318,0.648437824033317
ENSG00000142675,Breast,0.815865803468993,2.11150311528461e-13,-0.00889724236533423,0.84955662460985,-0.0183886468243185,0.695013190272753
ENSG00000142765,Breast,0.941105359876797,3.91663727834903e-18,-0.00363877344762078,0.938165881488974,0.0201860915439996,0.666910960317135
ENSG00000142789,Ovary,NA,NA,-0.0661912515905416,0.380028955087781,0.0174680268504953,0.816982091334622
ENSG00000143061,Breast,0.653355045403182,3.20220120701744e-09,-0.0607642274572254,0.19475794180178,-0.00785473604457485,0.867009852597177
ENSG00000143217,Breast,0.835434403554236,1.76030291187473e-13,-0.00357627195000173,0.939225909499483,-0.0299882042115178,0.522521960162724
ENSG00000143258,Uterus,NA,NA,0.0549104521023899,0.517819919185424,-0.112092859305351,0.185717231990961
ENSG00000143297,Colon,-0.111260313658133,0.275906082079822,-0.116884641806341,0.0187666736861025,-0.11143483935421,0.0251004795726499
ENSG00000143314,Vagina,NA,NA,0.0748848866077199,0.355995475089041,0.0122918973827328,0.879737994395402
ENSG00000143375,Breast,0.852731390533581,8.55203611902878e-15,-0.0303587766826032,0.517393570796635,-0.0190099963868499,0.685248943498788
ENSG00000143452,Esophagus,-0.180812809022354,0.0289005886277876,0.0371935140483766,0.385725106288235,0.0519078787535391,0.2259147243623
ENSG00000143452,Nerve,-0.0833330984298526,0.418391909881178,-0.0211185586143785,0.602959377215687,-0.000474400274807989,0.990678396749129
ENSG00000143452,Skin,-0.139637121486133,0.126501741915762,0.043944535231705,0.249685131550481,0.00966560336699736,0.80021311371436
ENSG00000143776,Vagina,NA,NA,-0.000597000627149728,0.994137019116178,0.067631008043003,0.404621666321244
ENSG00000143811,Kidney,0.046251950607712,0.723806340658361,0.0108018130070802,0.921840099446135,0.00782631872405835,0.943327867966318
ENSG00000144452,Vagina,NA,NA,-0.142484910156778,0.0779358110167503,-0.0431303150663975,0.595335868719407
ENSG00000145879,Vagina,NA,NA,-0.159674016974177,0.0479209791618463,0.110895617924214,0.170938887980607
ENSG00000146278,Kidney,0.158375675045843,0.845276997357505,0.0142988148664107,0.896658777482667,0.0243494644427143,0.824936825589045
ENSG00000146904,Breast,0.974322526751842,1.78296614619016e-19,-0.0123323870938565,0.792608919971136,0.0217722420984192,0.642491764838175
ENSG00000147459,Kidney,-0.101780686647572,0.631256636567167,0.109756502157681,0.317336033715685,-0.0265221642629453,0.809598399274951
ENSG00000148513,Breast,0.402108126969159,1.18182055784923e-05,-0.000979638067566219,0.98333745547267,0.00405951305576672,0.931033054727917
ENSG00000148735,Breast,1.31423667286307,1.11632806432744e-30,0.0076174519241997,0.87099173252622,-0.0143316378043591,0.75994573179171
ENSG00000149527,Breast,1.03652145622666,1.37962678001094e-21,0.0416294120292666,0.374603755121157,0.0144093471500199,0.758684298674645
ENSG00000149923,Kidney,-0.021419495224676,1,-0.0114846863715025,0.916916005481445,0.0360922853116979,0.742961251154021
ENSG00000151882,Breast,1.32280439049014,2.52868605176075e-30,-0.00698570636193996,0.881608730165081,-0.00608314165231642,0.89681345880134
ENSG00000154165,Colon,-0.128043875072084,0.175781164413809,-0.0775008625747539,0.119883831067047,-0.0588165042323528,0.238177061448661
ENSG00000154639,Breast,1.1436342295497,4.69466495781901e-25,-0.0259156683889175,0.580544694634715,-0.0345720567267691,0.460962725817675
ENSG00000154914,Breast,0.641517327484956,4.06376864030828e-10,-0.050344570106165,0.282832701018083,0.0137250847148285,0.76981336592297
ENSG00000155066,Breast,0.772793211037703,1.09366894013406e-11,-0.0161146439851732,0.73116923803671,0.0021378219186321,0.963647956736062
ENSG00000156284,Breast,1.18020278238857,2.55348888374325e-26,0.0130449884490075,0.780921701304965,-0.0392627089428318,0.402387386932248
ENSG00000157911,Uterus,NA,NA,-0.0263999070974606,0.755994327177236,-0.119714947098004,0.157369906900667
ENSG00000157992,Breast,0.969383062979195,5.44236337493646e-19,-0.0320556579111592,0.494246326044639,-0.0063684331308149,0.892003045045933
ENSG00000159337,Vagina,NA,NA,-0.11611830498,0.151542030568897,0.092670258323963,0.252997158827415
ENSG00000159596,Kidney,0.0877788144723275,0.708052137734627,-0.0129665365481557,0.906241617031424,0.0358259229119063,0.744793083166867
ENSG00000159753,Intestine,0.165597508951614,0.30442373263451,-0.187725803061872,0.0102928658420783,-0.128482489153401,0.080514960964041
ENSG00000160339,Kidney,0.0579239657547304,0.796067817154648,-0.10162147082607,0.354742181510574,0.0548046267792749,0.618366278476422
ENSG00000162004,Intestine,0.241092789639774,0.168839052327988,-0.188430903518746,0.0100053201144812,-0.12911161353076,0.0790310713963403
ENSG00000162069,Breast,0.748631443360317,8.04535011426567e-11,-0.0183579010549562,0.69549767511779,-0.014083900876439,0.763971408073921
ENSG00000162496,Uterus,NA,NA,-0.134173660295254,0.112688782184656,0.0987758632667355,0.243893585165856
ENSG00000162522,Breast,0.765161166013349,2.20012149318691e-12,-0.0491424609329507,0.294499402277135,0.0297273563154869,0.5261474066487
ENSG00000162892,Intestine,0.19585623115054,0.199729424418262,-0.197867832964866,0.00678565199709735,-0.113005895879272,0.124604905216615
ENSG00000162894,Intestine,0.194135210907462,0.172380141555307,-0.185911913846444,0.011066364528056,-0.111276711452324,0.130513184393452
ENSG00000163141,Breast,0.535304384040042,8.33402323757244e-07,-0.00964265642365116,0.837121588676274,-0.020770181444684,0.657876025624536
ENSG00000163209,Salivary,0.290926060583418,0.0676259551312051,-0.0099587838914808,0.900221685422193,-0.109132920664329,0.168181214655769
ENSG00000163216,Vagina,NA,NA,-0.236046905993954,0.00320704599570163,0.0564137098972076,0.487101893517122
ENSG00000163382,Kidney,-0.0566325057798318,0.804218861945712,-0.0758333690287993,0.490325332573356,-0.00253462880325614,0.9816325982798
ENSG00000163435,Breast,0.860490106316521,9.40040477717792e-14,0.00178973780605771,0.969563722880643,-0.0265315934626873,0.571579407135734
ENSG00000163568,Intestine,0.245806177758087,0.108330932533918,-0.159228711388782,0.029944798325408,-0.132660680987304,0.0710683965604495
ENSG00000163898,Breast,0.626163964968886,6.05631365728434e-10,-0.0246319560427358,0.599438144093683,-0.00507798666396389,0.913790754772992
ENSG00000164855,Breast,0.600176975936814,6.34259036536059e-09,-0.0325236907649004,0.487960409825047,-0.00244832886958262,0.958372495490713
ENSG00000165105,Breast,0.429951794877925,9.50299709373324e-05,-0.028728716278876,0.540144626892199,-0.012073938367567,0.796859334531171
ENSG00000165215,Breast,0.908140489551685,5.10609000314768e-16,-0.0270041727139382,0.564745439745176,-0.0203832701791475,0.66385545379142
ENSG00000165591,Breast,0.76706811295936,4.3224225299875e-13,-0.00715115594766957,0.878826085442336,-0.0268496516117907,0.566975653994481
ENSG00000165905,Breast,1.19733504130532,9.33952689613277e-27,-0.0256573634465061,0.584323971088167,-0.00944476767307606,0.84041896076257
ENSG00000166145,Breast,0.894962659196314,3.23797493816746e-15,-0.0197425740005688,0.67380385965431,-0.015596229611271,0.739499333391879
ENSG00000166446,Uterus,NA,NA,-0.522956611728978,2.88342211389762e-11,0.195881067399157,0.0199199538865987
ENSG00000166685,Kidney,0.118504894559693,0.623774880040661,0.0718894936218525,0.513226727473554,0.0363229642444512,0.741375975408538
ENSG00000167183,Breast,0.732193285137547,9.68652217512290e-11,-0.0179573660988344,0.701820472965329,-0.0175258133570635,0.708656003398186
ENSG00000167208,Intestine,0.104843571606763,0.379146929232321,-0.213129688550522,0.00349200867520073,-0.133699564113204,0.0688651433558011
ENSG00000167281,Colon,0.0303836568737766,0.737771111825525,0.0568960000656999,0.253879706030775,0.0442238760907424,0.375311246796773
ENSG00000167483,Intestine,0.217772390749011,0.172380141555307,-0.193927722188052,0.00799647377452141,-0.108587302742262,0.140127637417947
ENSG00000167642,Breast,0.748750170042695,4.2199620400043e-10,-0.0230315378499632,0.623373559729261,-0.0196021982049186,0.675991234900282
ENSG00000167701,Intestine,0.0340386690596542,0.914149661709407,0.0739314979085618,0.315924947343336,-0.00357113004948745,0.961416946882391
ENSG00000167741,Breast,0.883251789261598,4.92371173435583e-16,-0.0318695898627904,0.496757252883039,-0.00788577949036743,0.866489157039756
ENSG00000167754,Breast,1.21513630546396,7.18135848461693e-27,0.0260048206624983,0.579242955986947,-0.00426263097915272,0.927591522469955
ENSG00000167767,Breast,0.981729834641366,9.5155988005966e-20,0.00551209876377052,0.906453231674466,0.00518775792027,0.911934643506275
ENSG00000167768,Vagina,NA,NA,-0.126408080135425,0.118246620987863,0.066801406527328,0.410422918563802
ENSG00000167769,Vagina,NA,NA,-0.071978332634478,0.375024253607419,0.093772233062223,0.247373420087358
ENSG00000167778,Kidney,-0.0253392535046806,0.878434608683561,-0.0131394763543563,0.904996905037778,0.00720246806802,0.947838712769335
ENSG00000167880,Breast,0.865233101743107,6.62288707295218e-16,-0.028688558782787,0.540711344958405,0.0302776582661233,0.518513952368989
ENSG00000167895,Intestine,0.192035754522521,0.218226806915966,-0.207773565237084,0.00443176943551713,-0.13453411092923,0.0671358430411103
ENSG00000168701,Kidney,-0.00336684126507501,0.962139867207258,-0.00473711056923705,0.965679548403127,0.0556169553040995,0.613163863511546
ENSG00000168765,Intestine,-0.0749053598864763,0.787533590885021,0.03632983418311,0.62251059249848,0.0620203141273462,0.400374732458645
ENSG00000168903,Testis,NA,NA,0.0220994703584119,0.676019684623516,0.0742017290088206,0.160045091363551
ENSG00000168925,Ovary,NA,NA,-0.08169606938976,0.278322371845491,0.0281827961362236,0.708828036690184
ENSG00000168928,Ovary,NA,NA,-0.100989576228124,0.179820402669645,0.0417523200739511,0.580015360693958
ENSG00000169031,Intestine,0.303235263377273,0.0592137065332862,-0.16885836280059,0.0212245606300448,-0.129306091949852,0.078576853742295
ENSG00000169509,Vagina,NA,NA,-0.192092771203788,0.0170023254164434,0.0815974314206538,0.314402959619753
ENSG00000170421,Breast,0.837190624964767,1.97647837755036e-13,-0.0207459691417004,0.658249574714893,-0.0261934972863779,0.576492545867088
ENSG00000170423,Vagina,NA,NA,-0.161436479649429,0.0454795839837109,0.0716957706123907,0.37690675719301
ENSG00000170476,Colon,-0.0608216649109274,0.456540006348108,-0.132177527439277,0.0078097802191452,-0.0673011956714935,0.176991288788076
ENSG00000170477,Salivary,0.268071620624472,0.0648802838592739,-1.01651271877938e-05,0.999897889925986,-0.112199482936268,0.156471986591786
ENSG00000171219,Breast,1.15774561439286,8.0914813459474e-26,-0.016503783474833,0.724937014825051,-0.00494182089771307,0.916093818447853
ENSG00000171246,Colon,0.0245308559429667,0.886805005170178,0.0239559312929776,0.631166795018067,0.0492820350283316,0.323109587698435
ENSG00000171345,Breast,0.763102840568725,1.82187415041089e-09,-0.0074132397345682,0.874421245572393,-0.0230612487004561,0.622925473410002
ENSG00000171346,Breast,1.50801404393672,2.40879654353055e-37,0.0430771667674362,0.358205851541354,-0.0169371661176684,0.718017551993979
ENSG00000171401,Salivary,0.293652458985582,0.0170689155973816,0.0448313668051715,0.572279231554657,-0.101614048021039,0.199627338925812
ENSG00000171954,Vagina,NA,NA,-0.199044191047766,0.0133324436500252,0.0283720555427523,0.726871831811764
ENSG00000172322,Nerve,-0.113954622576416,0.21150467590454,0.0134816397495146,0.739866255736365,-0.00215903170077108,0.957595644654979
ENSG00000173156,Vagina,NA,NA,-0.0783652013561826,0.334019173032833,0.0536051030166389,0.509076089312244
ENSG00000173200,Intestine,0.241902150467553,0.109583824319334,-0.180576344547968,0.0136463177443725,-0.118582461630883,0.106953277410183
ENSG00000174171,Breast,1.26251356599548,3.18034841898677e-28,0.00689438342689258,0.883145288358474,-0.0106696207953999,0.820056545228154
ENSG00000174851,Kidney,-0.0490085920058728,0.845276997357505,0.00283245225098114,0.979474838393122,0.00807816984466806,0.94150731846746
ENSG00000175463,Intestine,0.139032751223433,0.471157291234795,-0.196314539086661,0.00724197161224264,-0.121692147201019,0.0980002620466729
ENSG00000175535,Liver,-0.118193624191979,0.380285487113834,0.100440477785529,0.133092857444353,-0.0404556942896743,0.546041334526295
ENSG00000175535,Ovary,NA,NA,-0.0373200472782262,0.620899472108973,0.0252622240046131,0.737837068099349
ENSG00000175535,Pituitary,0.120951983182729,0.305764671371137,0.0527672910665436,0.376496152283294,-0.0222152727471018,0.709810507120814
ENSG00000175707,Breast,0.816327738751274,3.69141068825887e-13,-0.0250828486565836,0.5927703864343,-0.0162668867285126,0.728728877496103
ENSG00000176485,Kidney,-0.126887667868795,0.870122825733685,-0.0312680289975754,0.776350521938619,-0.0555473284041438,0.613609032791003
ENSG00000176842,Breast,0.621139627700055,1.97962897635925e-08,0.000778199941780414,0.986763338159449,0.000546749666247237,0.990699937621873
ENSG00000177234,Brain,-0.138361378891069,0.287708337882841,-0.0290637374103622,0.653475235023533,-0.0681381946154764,0.292105235199305
ENSG00000177370,Vagina,NA,NA,0.011315220421079,0.889229991088105,0.0848434176078593,0.295473951242043
ENSG00000177455,Intestine,0.209108124251612,0.211928954674641,-0.159327867576851,0.02984139948049,-0.121317188588602,0.0990472278897273
ENSG00000177706,Uterus,NA,NA,-0.116639207737302,0.168391324449246,0.114089302891417,0.177954813126117
ENSG00000178199,Intestine,0.206665978868726,0.242466920933298,-0.173008372700874,0.0182036815403923,-0.101296665978299,0.168905082695817
ENSG00000178372,Vagina,NA,NA,-0.140715874431607,0.0817392217834287,0.0193238370006088,0.811981175269154
ENSG00000179178,Breast,0.886416501249297,4.30827059238362e-16,-0.0332995560690183,0.477635559445368,-0.0142847997574983,0.760706347859881
ENSG00000179299,Breast,0.623933539806276,1.2413866733106e-09,-0.0198629004055712,0.671931084329351,-0.00902088270070237,0.84749138041794
ENSG00000179348,Intestine,-0.0726107321048291,0.873769835977569,-0.0462477038075944,0.530778456576421,-0.0859225719342884,0.243579747254681
ENSG00000180914,Breast,1.40257995569463,2.12541310829821e-33,0.0299325924949127,0.52329381639786,0.0239716896454208,0.609262694610496
ENSG00000181392,Breast,0.749351176448674,1.26154662810263e-11,-0.0324664034390045,0.488727491446767,0.00244138302555053,0.958490485215002
ENSG00000182108,Nerve,-0.163835483778702,0.0659827657978173,0.0216770973130948,0.593404157078336,0.0161581017817281,0.690663218983044
ENSG00000182108,Skin,-0.00180179319085568,0.932993662675138,0.0245316778157901,0.520622264463647,0.00386683365490134,0.919358322590343
ENSG00000182272,Breast,0.768556419111817,2.34403797966424e-13,-0.0594394947849878,0.204686224102643,-0.0281268682362938,0.548669053011656
ENSG00000182333,Uterus,NA,NA,0.0355522371336808,0.675556818159054,-0.0527577911805656,0.534388807225225
ENSG00000182931,Testis,NA,NA,-0.0711101340879012,0.178227577174641,0.00111909051999081,0.983118491818523
ENSG00000183207,Kidney,0.0584796022930883,0.995791758242635,-0.022055635470353,0.841201784647329,-0.0146391274365367,0.894213285742576
ENSG00000183248,Breast,0.465832875920074,5.54752831018689e-06,-0.0198230794139212,0.67255063931124,-0.00447308211347641,0.924027164171483
ENSG00000183421,Breast,1.18279133482854,4.37637558107985e-27,-0.00513475868785689,0.912830743103695,-0.0264984819734336,0.572059698064869
ENSG00000183723,Intestine,-0.148534142463038,0.267315455160904,0.0147383571106406,0.841746338817761,0.0179724369676633,0.807634615740405
ENSG00000183889,Brain,-0.0783021101732965,0.637457757264552,-0.0562974500543814,0.384235999017866,-0.0340077890599071,0.599339902055251
ENSG00000184012,Breast,1.13224129338383,3.9639495193364e-25,-0.0463997180585795,0.322306456188489,-0.0283023389572604,0.546176907023486
ENSG00000184292,Breast,0.976073597157874,1.01327106673691e-18,0.0228598302605605,0.625965898624554,0.00793597189818145,0.865647395825243
ENSG00000184363,Breast,0.940791957390978,6.77862442650909e-18,-0.0300529557905796,0.521623983455778,0.00339390735370984,0.942319427365361
ENSG00000184924,Kidney,-0.0804899750698205,0.771751185108137,-0.0832402740925866,0.448816098430448,0.0245222639578337,0.823714441144203
ENSG00000185101,Breast,0.699726942217011,1.25940228868781e-10,-0.0146354751334252,0.755017280273311,-0.00367481429618132,0.937554676714477
ENSG00000185290,Ovary,NA,NA,0.0711524812719825,0.345271176369438,0.00695965325479446,0.9265389044691
ENSG00000185479,Breast,1.15523599742369,5.47398185981328e-25,0.0550946170867196,0.239812426508608,-0.0179388657502725,0.702113019039481
ENSG00000186081,Breast,1.07082543961553,5.41485141765478e-22,0.0380041767379685,0.417650374288245,0.00108361726114162,0.981569184553873
ENSG00000186529,Intestine,-0.0491238378809226,0.617559925016903,0.00900166118056705,0.902945621760066,-0.0120624432603253,0.87019820713666
ENSG00000186847,Breast,0.96652659599089,1.12472610415007e-17,0.0331046821172481,0.480217595501735,-0.0122534033682076,0.793907230919265
ENSG00000187017,Breast,0.499877561660337,3.37531121066687e-07,-0.0116872413342019,0.803230096870933,0.00402266635954463,0.931657507045671
ENSG00000187268,Spleen,0.524641326589142,0.000541936400194787,-0.0339137048610127,0.601883042416157,-0.00882124523606952,0.892089430380033
ENSG00000187583,Breast,0.779123732708413,8.98972835387292e-14,-0.0132966373903048,0.776806070494495,-0.000512385960749035,0.991284430910717
ENSG00000188100,Vagina,NA,NA,-0.15451692689717,0.0556981913103445,0.0952605740089538,0.239916376912796
ENSG00000188293,Vagina,NA,NA,-0.0422931058192363,0.602505634726351,0.0396343535022006,0.625525790039687
ENSG00000188822,Intestine,0.248496596331983,0.0987115250939831,-0.190520924941861,0.0091942502350415,-0.121320740131983,0.0990372698400469
ENSG00000189001,Salivary,0.301171759914796,0.0162251662263157,0.0205166661499143,0.796155266696144,-0.105874671324458,0.181323338587482
ENSG00000189001,Vagina,NA,NA,-0.17631266255151,0.028719079358147,0.061301503775394,0.450102368570055
ENSG00000189143,Breast,1.00338121893052,2.33247496305977e-19,-0.0156865594431276,0.738045651569833,-0.00661761089774853,0.887804790928422
ENSG00000189334,Breast,1.17248543733976,1.15806705544027e-25,0.000139261128871511,0.997631156268203,-0.00377875350177436,0.935792212890853
ENSG00000189372,Pancreas,0.195697347950932,0.0877214595287739,-0.00651018614313012,0.906499019182396,-0.034227404595979,0.536773665006455
ENSG00000197191,Vagina,NA,NA,-0.126237636067044,0.118747542767888,0.0478607632004248,0.555569250868813
ENSG00000197475,Testis,NA,NA,-0.0759185572887196,0.150570558770817,0.087338284283777,0.0980204294403504
ENSG00000197696,Testis,NA,NA,-0.0392318117740255,0.458045979453799,0.0524060232299578,0.321413281053099
ENSG00000198286,Intestine,0.150382190825117,0.340472978923459,-0.196339290907936,0.00723449108578205,-0.11311833078312,0.124228021513655
ENSG00000198382,Intestine,0.210810484557262,0.172380141555307,-0.092853330180537,0.207475052331492,-0.0702435579564015,0.34073515107647
ENSG00000203499,Breast,0.82092230999985,5.62220998838397e-15,-0.0457465667985673,0.329172243101273,-0.00260338119034413,0.95573884809817
ENSG00000203805,Brain,-0.0898380712594733,0.425384851898805,-0.0419658906335506,0.516736380439633,-0.0724618267737871,0.262485779137383
ENSG00000204140,Pancreas,0.199574158903959,0.048218416649853,0.0396575868216385,0.4741339326143,-0.0121665093177719,0.826251408103371
ENSG00000204323,Intestine,-0.0726259384898342,0.601665093673115,-0.00835804544724032,0.909854485138968,0.0292670333869982,0.691704270007548
ENSG00000204385,Breast,0.260765253270001,0.00689746892054701,-0.0393417185365538,0.401440442639034,-0.0117407413818703,0.802347905961263
ENSG00000204618,Breast,1.07704399902024,5.22630026842452e-23,0.00870088387364413,0.852838637265816,-0.0233680908996598,0.618305973742039
ENSG00000204983,Brain,0.140901654563402,0.36689971626445,0.0713838497756365,0.26967012251955,0.0544107433115971,0.400396451192886
ENSG00000204983,Ovary,NA,NA,-0.048948084562798,0.516443688366787,0.0314601548589256,0.676768435044407
ENSG00000205076,Esophagus,0.0675582340868537,0.796109760189595,-0.0189174405435452,0.6591670331623,0.0560713551168154,0.190796668268346
ENSG00000205076,Skin,0.0526818998354257,0.434993632565517,-0.0301007949605296,0.430533296045889,-0.01637491733551,0.668099500143315
ENSG00000205076,Vagina,NA,NA,-0.103749755510259,0.200380114151562,0.00587732651830262,0.94232966695077
ENSG00000205593,Intestine,0.200620389114293,0.274725867884045,-0.133475202137551,0.0693361941572134,-0.0849620880836765,0.248909098621051
ENSG00000205890,Breast,0.556186790866094,1.0709740078025e-08,-0.0208690133023988,0.656352124626276,0.00812287237200122,0.86251428951282
ENSG00000206075,Breast,1.26546506480457,3.48415601256234e-29,0.0170611365868517,0.716042421759906,0.0187161759136652,0.689859799553786
ENSG00000206172,Kidney,0.0697728007330676,0.708052137734627,-0.0665041696646995,0.545358507023111,0.108459778665692,0.323121962228669
ENSG00000210077,Adipose,0.073765386266677,0.425512418604674,-0.05532828699626,0.158845704034002,-0.0414409136064352,0.29144373511156
ENSG00000210164,Stomach,0.0234966203021811,0.866071288675806,-0.0293673588022719,0.580226973353567,-0.0355546145957099,0.503087034072032
ENSG00000210174,Prostate,NA,NA,0.011207937630639,0.862576913072392,-0.00180494295874694,0.977762173986881
ENSG00000210176,Testis,NA,NA,-0.0840671467528678,0.111309558605814,-0.0652453200198994,0.216847685344376
ENSG00000210191,Adipose,0.152786860455789,0.0375739537170805,-0.00442835302159467,0.910280662726346,-0.0245555783269827,0.53201300025492
ENSG00000210191,Muscle,0.149746305639632,0.346497682012721,-0.0624297025805101,0.0802597683681679,-0.0375671714345095,0.292837739216109
ENSG00000210191,Prostate,NA,NA,0.00349660188171304,0.956935320376608,0.00313423031738489,0.961394680911228
ENSG00000211593,Muscle,0.240292362503734,0.00883699541180028,0.0246173757773165,0.490715537954525,-0.0387328129568398,0.278107721097841
ENSG00000211594,Brain,0.033092273570087,0.739076856933802,0.0263276058765659,0.684257801535024,-0.0143709589559354,0.82435372119775
ENSG00000211595,Muscle,0.11326164413144,0.216457591578795,-0.00964079171556745,0.787266134197559,-0.0500425215034237,0.161028122524642
ENSG00000211611,Colon,-0.0320526044751449,0.686876080835657,-0.116170166707884,0.0195084634192007,-0.0555399323853203,0.265390866569057
ENSG00000211632,Colon,-0.125152168957983,0.214851192621782,-0.0656566758147155,0.187833503317135,-0.0587057783507656,0.239063401925507
ENSG00000211637,Colon,-0.124201079634445,0.103731533271289,-0.130650268173416,0.00855911483939755,-0.0588662312655115,0.237779758657949
ENSG00000211638,Colon,-0.100638266113698,0.197357898181191,-0.0922306600338681,0.0640231645858986,-0.0226725804586482,0.649570008909737
ENSG00000211639,Colon,-0.179332996563145,0.0769054048554317,-0.0931793798362832,0.0613240189423495,-0.0607942422118687,0.222733753929571
ENSG00000211642,Colon,-0.0948659950860555,0.372985227687127,-0.0885844751760253,0.0753206520349115,0.00081083247645493,0.987037310893486
ENSG00000211648,Colon,-0.0724626938649653,0.370136910153326,-0.117343381837879,0.0183034600234742,-0.0440627376283543,0.377055305382638
ENSG00000211649,Colon,-0.0379870609551508,0.644980232345085,-0.111523787934545,0.0249838770936052,-0.0428886247011929,0.389912908985977
ENSG00000211652,Colon,-0.0573579030073631,0.479927366831714,-0.10593005676422,0.03329045172226,-0.0445437657283582,0.371863710261509
ENSG00000211655,Colon,-0.152585556793264,0.120324467621893,-0.115581745352482,0.0201384146349786,-0.0600892003573938,0.22815507935545
ENSG00000211658,Colon,-0.114399244809504,0.199213980077283,-0.110207674281025,0.0267577001280099,-0.104894573143646,0.0350621765551824
ENSG00000211664,Colon,-0.0284354761053125,0.784384332386838,-0.130367878737457,0.00870447863320971,-0.0754647766714012,0.129953982944737
ENSG00000211669,Colon,-0.051391228776871,0.532086458883998,-0.136633884997587,0.00594664164834185,-0.06615088694846,0.18452508653377
ENSG00000211674,Colon,-0.0840819595872346,0.324669566026636,-0.125659062206916,0.0114741298451723,-0.0657635919920079,0.187114098666172
ENSG00000211676,Colon,-0.0719750140138603,0.429133486833141,-0.11267453638665,0.0235169830935866,-0.075517185163622,0.129686824010768
ENSG00000211678,Colon,-0.0821362084787522,0.372034283752186,-0.104541849397978,0.0356837229874691,-0.0548955001504958,0.270984885249321
ENSG00000211688,Intestine,-0.0978020774208481,0.691234997959899,-0.168554233041712,0.0214620628932548,-0.100140715861282,0.173845292483742
ENSG00000211688,Prostate,NA,NA,-0.0505514992456512,0.434690879378597,-0.0620346139000005,0.337582343800938
ENSG00000211767,Lung,-0.0571222943519599,0.532812142565245,-0.0277957770753873,0.507787765275233,-0.0178733846330534,0.670240114461314
ENSG00000211769,Lung,-0.0152347653339544,0.955140496254141,-0.00277730831157533,0.947248932087457,-0.00140297400625092,0.973338040177689
ENSG00000211905,Colon,-0.052566441860205,0.446943484453585,-0.123369305245699,0.0130832402110256,-0.0744517111389685,0.135202253661784
ENSG00000211911,Colon,-0.13592962379774,0.165000393101385,-0.105953502914014,0.0332512353283458,-0.032691411316487,0.512320700684509
ENSG00000211911,Intestine,-0.172311223794516,0.274725867884045,-0.132639630659355,0.071113625490462,-0.0650740580022488,0.377536346447042
ENSG00000211912,Intestine,-0.141507532348954,0.494154282329999,-0.0918842985685005,0.212277476361492,-0.12847422124531,0.0805346105294402
ENSG00000211917,Colon,-0.108893419124127,0.206765878769867,-0.0364549105014424,0.46495802413632,-0.0229771729231588,0.645182292780874
ENSG00000211918,Colon,0.0241964703196167,0.748501444225559,-0.100102863479122,0.0443400620993323,-0.0352085931290391,0.480368466749944
ENSG00000211918,Intestine,0.0462336157372176,0.691234997959899,-0.118910887747508,0.105978384213351,-0.0816144195547897,0.268113574847947
ENSG00000211923,Blood,0.017336633006064,0.941397967494117,-0.0457908248265903,0.215614739242926,0.0459791030889409,0.21373148466286
ENSG00000211923,Colon,-0.0383767620844501,0.618486266104434,-0.095110720998778,0.0561189791843042,-0.0422159942010577,0.3973970294163
ENSG00000211930,Colon,-0.0969338363182719,0.359809135984926,-0.0848384821751402,0.0885642760901101,-0.0944708098903719,0.0578013848030848
ENSG00000211930,Intestine,0.137754192491445,0.334755663863174,-0.0759717642737796,0.302718007624094,-0.110453111314486,0.133401981107326
ENSG00000211931,Intestine,0.181121848151629,0.200726027356762,-0.13077442412799,0.0752150848261012,-0.0166206586593583,0.821852450123085
ENSG00000211931,Lung,-0.0475545138985764,0.651705862487148,-0.0505982663804832,0.227764327439123,-0.0529262783106702,0.207053822397025
ENSG00000211933,Colon,-0.115626876188027,0.215179279785159,-0.134067324069685,0.0069639537442638,-0.0738164929815758,0.138575344696398
ENSG00000211934,Colon,-0.0941266022005303,0.234131964094847,-0.145309161842824,0.00342051400254452,-0.0356149957404061,0.475313132126717
ENSG00000211938,Colon,-0.00523883727424867,0.934615970039967,-0.134047120596377,0.00697254470410906,-0.0475762903498664,0.340160159605493
ENSG00000211941,Colon,-0.0733280888081361,0.408718163010553,-0.127399492303478,0.010370740621088,-0.0641692958589351,0.198053380961759
ENSG00000211946,Colon,-0.0850991881591751,0.34829505873031,-0.119187986825299,0.0165400607234223,-0.0704582024630376,0.157490670128979
ENSG00000211951,Colon,-0.0616948702656754,0.517060176882503,-0.0994110742737895,0.0458365232444349,-0.0783667119994404,0.115790547214063
ENSG00000211952,Colon,-0.0718452075351085,0.449597612634776,-0.109545790520729,0.0276900034150106,-0.0609915887894571,0.221232873979569
ENSG00000211956,Colon,-0.118556662318267,0.178342028682723,-0.130425533576389,0.00867462268971371,-0.0425442226833732,0.393734224306477
ENSG00000211962,Colon,-0.0526223503962165,0.522236602489939,-0.116504953087912,0.0191577591663083,-0.0545038170420314,0.274423963825277
ENSG00000211964,Colon,-0.0803090213713449,0.475527366833662,-0.121824398066983,0.0142782625788096,-0.0691521499100216,0.165351675672593
ENSG00000211967,Colon,-0.0574641549863457,0.619737060104656,-0.0831071747490611,0.0952870347540311,-0.0488822839209524,0.327054815019187
ENSG00000211970,Colon,-0.0257145833893762,0.820731615398661,-0.13734980241859,0.00568774833395175,-0.0779455802556453,0.117767554845511
ENSG00000211972,Colon,-0.0893813761336461,0.329485148018571,-0.0880215731036559,0.077201227697688,-0.0704671605009863,0.157437744228626
ENSG00000211976,Salivary,-0.184624345241492,0.195047926972203,-0.00545850582438598,0.945211291777904,0.0280205083334999,0.724208863749688
ENSG00000212978,Testis,NA,NA,-0.0865704435097217,0.101020500744605,0.0812878250615286,0.123679147695904
ENSG00000213203,Uterus,NA,NA,-0.134240470582308,0.112508149166167,-0.0796696871633593,0.347680555043613
ENSG00000214193,Breast,0.361529368299213,0.000247278441849115,-0.0129308019063768,0.78279120946358,-0.000673446143864299,0.988544998867173
ENSG00000215012,Uterus,NA,NA,0.00431375675958467,0.959510956505531,-0.100910805563681,0.233800864983773
ENSG00000218227,Kidney,0.025439237618663,0.89509753228834,-0.0793607938672703,0.470308711935122,-0.0889610987331255,0.418144837077718
ENSG00000220267,Blood,0.0931243636771307,0.152136905133135,0.0151468186761576,0.682240146857778,-0.00580503857228468,0.875324802629522
ENSG00000222037,Colon,-0.0881625410479386,0.284596708567011,-0.121717647798107,0.0143642724635561,-0.0728496098375979,0.143833096441698
ENSG00000223350,Colon,-0.19129668432442,0.073847685000118,-0.103224616370423,0.0380882855915463,-0.061635684553524,0.216384617351383
ENSG00000223609,Pituitary,-0.104543317220314,0.344756771253395,0.0315184690653694,0.597494353111045,0.0152469562506115,0.79843493003579
ENSG00000224373,Colon,-0.0853861132669974,0.357024185161985,-0.126160416120523,0.0111461034085944,-0.033051218932741,0.507686775536321
ENSG00000224958,Colon,0.0446876756275094,0.650718171799252,0.0273571726846502,0.583505680686951,0.0473996429470284,0.34195817307955
ENSG00000225523,Colon,-0.13046503033103,0.275906082079822,-0.0776749041848185,0.119052113023946,-0.0920220290198721,0.0646296524490647
ENSG00000225554,Nerve,0.0460728950151215,0.728736983254379,-0.139818872328838,0.000539448587729598,-0.0139670495251162,0.730856476967791
ENSG00000225698,Colon,-0.0200245312219942,0.844952669163044,-0.116692538803635,0.0189636646049675,-0.0623400811407476,0.211170219059797
ENSG00000225851,Intestine,-0.173218233624672,0.172380141555307,-0.069524961941313,0.345709755943583,0.0612174147228793,0.406513453098531
ENSG00000225950,Breast,1.32234307781734,1.44209231575213e-30,-0.00764088312563858,0.870598385283382,-0.0134131184644429,0.77490316734345
ENSG00000226454,Testis,NA,NA,-0.0176328519211814,0.738815577220222,0.0998784756513008,0.0583303925729746
ENSG00000228275,Adipose,-0.126246223792438,0.189560989196092,0.0317901584974218,0.418435951549587,-0.0352970751902333,0.368945562411979
ENSG00000228275,Breast,0.117716856266256,0.134615436661777,-0.0670021541924061,0.152709245516747,0.0212870289497547,0.649922498439439
ENSG00000228275,Testis,NA,NA,0.0209463614688735,0.692038226257205,-0.0167872448982462,0.750917180009506
ENSG00000228325,Colon,-0.114878177266814,0.211266010336819,-0.0825938773688156,0.0973566139212078,-0.0672635059504851,0.177234459029111
ENSG00000228325,Intestine,-0.070467848909119,0.829290355229229,-0.0105628833450224,0.886218019959609,-0.106525649042274,0.147856810051881
ENSG00000228639,Breast,1.38478936717334,1.07142498175915e-31,0.0111265653820379,0.812490213433775,-0.0120832476531195,0.796706130095191
ENSG00000230937,Breast,1.26081302739017,5.59451608990617e-29,0.00883848363365752,0.85053847130138,-0.0300574765503734,0.521561318997177
ENSG00000231475,Colon,-0.0301064073915732,0.712493887591555,-0.103938258633114,0.0367690525375688,-0.0621957795879272,0.212230990769727
ENSG00000233369,Uterus,NA,NA,-0.218850678659824,0.00912698232315536,-0.00167772226763622,0.984247172387143
ENSG00000234883,Intestine,0.207204385713596,0.145564182573626,-0.126493586513749,0.0853542531666348,-0.142151846341562,0.0529334277102158
ENSG00000234918,Breast,0.484484344666748,3.51891708122236e-06,-0.00134920912158597,0.977052957489754,0.00614040795097755,0.895847559728959
ENSG00000235687,Breast,0.502269286372722,7.84790404505668e-06,0.00642994767075371,0.890966336490991,0.0185407694456825,0.692617906134574
ENSG00000237232,Testis,NA,NA,-0.0693716791145867,0.189102073669644,0.0742173048481365,0.15995716204129
ENSG00000239819,Colon,-0.0935100778062425,0.345113552325991,-0.0783097530002827,0.116056411834997,-0.110714386422826,0.02606233659894
ENSG00000240041,Muscle,0.0924030445420292,0.427231951809167,0.00591384032843279,0.868521972744758,-0.045099092276345,0.206583915726413
ENSG00000240671,Colon,-0.119818684398558,0.130602913878711,-0.12902323885173,0.00942723270547713,-0.0550592651896207,0.26955574590869
ENSG00000240800,Breast,0.504124943084086,7.37569630803079e-06,0.0104362553803707,0.82392723109087,0.016349308866598,0.727408840218464
ENSG00000241186,Adrenal,-0.0904577185300331,0.133405579600434,-0.0295879416597973,0.636178524772108,0.152486720862791,0.0142159103101399
ENSG00000241294,Colon,-0.0699916876539135,0.354713793769091,-0.121219945392751,0.0147713141623062,-0.0330902666693849,0.507185205527707
ENSG00000242472,Adrenal,0.307758503956373,0.0032452854957866,0.0594544898463704,0.341510456116106,-0.00501359932977275,0.936126073480321
ENSG00000242887,Adrenal,0.196338995172196,0.0546931411050781,0.0668643770476039,0.284626656533993,0.0495938289619106,0.427652577134252
ENSG00000243063,Colon,-0.0366377230282522,0.60170983362412,-0.0556404999224017,0.264525086445654,-0.0687500268716137,0.167830291006738
ENSG00000244038,Kidney,0.0666504832187947,0.953735081916433,0.0558262429611006,0.611826597413405,-0.0156405778982847,0.887022655773404
ENSG00000244116,Colon,-0.055309349537683,0.495500729174814,-0.12993598630041,0.00893105449335723,-0.0435092479009685,0.383083748796687
ENSG00000244723,Kidney,0.0901764056788222,0.878434608683561,-0.06179665133365,0.57422595913104,-0.0505753583216611,0.645751538003702
ENSG00000247774,Intestine,0.187706542622466,0.248230529084508,-0.17084919541851,0.0197252409791231,-0.115264448785796,0.117202056865522
ENSG00000247982,Intestine,0.201366650898361,0.197747070359222,-0.171275131209936,0.0194166524265125,-0.102216459192231,0.165049374161275
ENSG00000248778,Breast,0.657409744542676,1.30562232087835e-09,-0.00761587771795542,0.871018160382668,-0.00684606169610525,0.883958505526351
ENSG00000249007,Breast,0.618447488429666,1.70496432231011e-08,-0.0040663642768206,0.930916949626764,-0.0343960005653512,0.463249982294417
ENSG00000249007,Salivary,0.166389832653999,0.193769666463304,0.186626508147194,0.0177670021825684,-0.0226659612894322,0.775341881701617
ENSG00000251546,Colon,-0.0758084289193101,0.444298292348191,-0.0885095005973705,0.0755689596897134,-0.0777645370076947,0.118625532892654
ENSG00000253313,Breast,0.995389517181228,1.45677733077207e-19,-0.024977878958694,0.594319639844946,-0.020718805281326,0.658668761862154
ENSG00000254395,Colon,-0.0525782930383042,0.591253356855057,-0.109343257699996,0.0279808027681119,-0.0718145749812451,0.149628901054039
ENSG00000254815,Breast,0.589400508397094,7.33097944560777e-09,-0.0251886197002862,0.591211175033465,-0.00355751011590859,0.939544132021411
ENSG00000255026,Breast,0.662165043940429,1.10471493494637e-10,-0.0122917459308002,0.793276895971356,-0.000394690703920052,0.993286346447455
ENSG00000255354,Intestine,0.27787561933578,0.0860918879068793,-0.158446071450113,0.0307716969108315,-0.129571623503415,0.0779600913764643
ENSG00000255518,Intestine,0.238904030024254,0.0876600150096877,-0.148744118751038,0.0427433139790103,-0.106393379799146,0.148363504580135
ENSG00000257084,Breast,0.769678666776988,8.30963959440938e-13,-0.0267268685592427,0.568750784991121,-0.0291243144877396,0.534577672206731
ENSG00000257671,Breast,1.16901063237939,1.22288249821401e-25,0.017820009583612,0.703993539680797,0.000602150285310275,0.989757637453836
ENSG00000259108,Adrenal,-0.174521681865238,0.54624296650532,-0.0395247962453554,0.527369560819404,0.0298686694671933,0.63297848980991
ENSG00000259803,Pancreas,-0.155714071110651,0.236486319352169,0.00601174371227106,0.913628721639054,-0.0778222037388283,0.159672845296016
ENSG00000261183,Breast,0.791723377276789,2.06516707388711e-12,-0.0225964492324815,0.629951229839505,-0.012240283787982,0.794122941908962
ENSG00000261416,Intestine,0.244211250044505,0.161921049622333,-0.167870107001132,0.0220047155936661,-0.129508875406027,0.078105485342226
ENSG00000263934,Pituitary,-0.25094973976048,0.017187800653937,-0.0541563293385661,0.364044935333425,-0.00988021726080849,0.868566681542992
ENSG00000263934,Prostate,NA,NA,-0.0705207648754791,0.275518069637847,-0.0429044278072278,0.507395727165828
ENSG00000264940,Testis,NA,NA,-0.0195147739340894,0.712117111731173,0.0280461313317174,0.595840438821771
ENSG00000267259,Breast,0.730649419763839,9.25068771973403e-13,-0.0425695191415113,0.363903728041455,-0.00632411999814902,0.892749971279074
ENSG00000267653,Uterus,NA,NA,0.0782438262380736,0.356404257868586,-0.0883015693180296,0.297771160041882
ENSG00000267795,Breast,0.701181703663845,1.67474143655672e-10,-0.0360395807072413,0.442143891767046,-0.0146094355007,0.755439275102447
ENSG00000268027,Intestine,0.161439493211595,0.281007421825497,-0.171961666297408,0.0189280654541558,-0.116094668543834,0.114568595041406
ENSG00000268416,Breast,0.660418861312093,9.78142128088173e-11,-0.00187430515570044,0.968126316243926,-0.00830031167014486,0.859541778202594
ENSG00000270605,Brain,0.0275716167406238,0.821332268314698,-0.00604449532468986,0.925626474122707,0.0139749772373457,0.829118255728159
ENSG00000271856,Intestine,0.232283623983579,0.126934023363918,-0.207560324178018,0.0044734978277244,-0.118885922534522,0.106052244096688
ENSG00000272398,Breast,0.835310034067992,6.31471867475299e-13,-0.0342100947880079,0.465672029222171,-0.0305436462354887,0.514844886676584
ENSG00000273906,Esophagus,-4.29694715233436,5.81501390886043e-82,-0.024834353101209,0.562552160012048,0.117579972211563,0.00594681021494433
ENSG00000273906,Liver,-3.13756124503207,3.47171434452495e-31,-0.0404614447980367,0.545984226964956,0.122768576621243,0.0660283024346843
ENSG00000273906,Pancreas,-4.60676044495956,1.34890648007277e-51,-0.0707376086662382,0.201311860302925,0.104155949608135,0.0595283336681845
ENSG00000273906,Salivary,-4.51687143947864,3.10020876975814e-23,-0.125507215416679,0.112653400477571,-0.0305101484578669,0.700827704445923
ENSG00000273906,Thyroid,-7.06873535507956,3.63035809144144e-96,0.0177283038520018,0.651881212063393,0.087518109262985,0.0256632033353547
ENSG00000274173,Breast,0.655478095948186,7.5922711636332e-09,-0.0264603228435458,0.572613443331147,-0.0334518080412548,0.475623533593989
ENSG00000274576,Colon,-0.06440767258447,0.544971521983945,-0.0982711854284526,0.0483946792699128,-0.0115873670714874,0.816390951644492
ENSG00000275234,Breast,0.639116433746927,9.77693733215546e-09,-0.0315470816435579,0.501125397368397,-0.0100950984446878,0.82959345187374
ENSG00000275896,Brain,0.176693966186573,0.199921326787324,0.0635992410485678,0.325514815102488,0.0118834853192101,0.854383250516171
ENSG00000279528,Uterus,NA,NA,0.0798221010511516,0.346756070480908,-0.0869288725676271,0.305374296718908
ENSG00000280411,Colon,-0.124013971391787,0.168537246507213,-0.101170319883643,0.0421116733620793,-0.0323744512626367,0.516420925823816
ENSG00000282122,Intestine,-0.10338224026947,0.309798434812895,0.0965906485628213,0.189685819802741,-0.0719465319704535,0.329128645945773
ENSG00000282122,Spleen,-0.179267153405043,0.454715863432843,0.0993105625035156,0.125758997353457,0.0376427764191557,0.562523379972338
ENSG00000282420,Lung,0.109529597638062,0.261614027028307,0.0051192112296433,0.902937036055771,-0.00433474548564421,0.917753500096376
ENSG00000282600,Colon,-0.0472898633234362,0.61474052232138,-0.104295347176398,0.0361236299891722,-0.0559886698218469,0.261542703856446
ENSG00000282639,Colon,-0.0653892653545089,0.633567830452137,-0.0874019616774962,0.079315146317042,-0.0807476862306899,0.105097691227161
ENSG00000282651,Colon,-0.0592297876169383,0.352872293412048,-0.093896846745876,0.0593457340315196,-0.0744200010885346,0.135369125460829
ENSG00000282651,Intestine,-0.150923374098404,0.272240300044785,0.00332367610864894,0.964088620390108,-0.145565417138348,0.0474304118157496
ENSG00000282651,Salivary,-0.432093867500543,0.00833825862868773,-0.0194868908583955,0.806179551894307,-0.0363196787575489,0.647379834722623
ENSG00000282651,Spleen,-0.171668257140711,0.217588989464568,0.0601501645537311,0.35451750887787,-0.0480584581958241,0.459604673176832
ENSG00000283787,Vagina,NA,NA,0.0805935068919122,0.320413749974288,0.18955351388795,0.0185466609092405
